{
  "acceptance": {
    "adaptive_ambiguity_voi": {
      "alpha": 0.1,
      "certificate_scope": "independent held-out batch certificate; batch ranking couples actions and is not an assumption-free action-wise theorem",
      "certified": false,
      "coverage": 0.1,
      "errors": 6,
      "macro_task_population_mean_gain": 0.06326614127997345,
      "macro_task_selective_risk": 0.38454106280193234,
      "population_mean_strict_gain": 0.062166946338205506,
      "risk_upper_bound": 0.1820918694643961,
      "selected_count": 62,
      "selected_mean_strict_gain": 0.6556613988659257,
      "selected_total_strict_gain": 40.65100672968739,
      "selective_risk": 0.0967741935483871,
      "stage_counts": {
        "base": 386,
        "screening": 89,
        "verification": 145
      },
      "task_breakdown": {
        "discover_unique": {
          "count": 188,
          "coverage": 0.005319148936170213,
          "errors": 1,
          "evidence_cost": 3.3000000000000007,
          "population_mean_gain": -0.0036968085106383,
          "selected": 1,
          "selective_risk": 1.0,
          "total_gain": -0.6950000000000004
        },
        "extreme_properties": {
          "count": 240,
          "coverage": 0.0625,
          "errors": 1,
          "evidence_cost": 1.4999999999999987,
          "population_mean_gain": 0.043487960799584606,
          "selected": 15,
          "selective_risk": 0.06666666666666667,
          "total_gain": 10.437110591900305
        },
        "matbench_pairwise": {
          "count": 192,
          "coverage": 0.23958333333333334,
          "errors": 4,
          "evidence_cost": 11.92499999999998,
          "population_mean_gain": 0.15000727155097401,
          "selected": 46,
          "selective_risk": 0.08695652173913043,
          "total_gain": 28.80139613778701
        }
      },
      "total_acquired_evidence_cost": 16.72499999999994,
      "trajectory_total_strict_gain": 38.543506729687415,
      "worst_task_population_mean_gain": -0.0036968085106383,
      "worst_task_selective_risk": 1.0
    },
    "adaptive_conservative_calibrated_p": {
      "alpha": 0.1,
      "certificate_scope": "independent held-out batch certificate; batch ranking couples actions and is not an assumption-free action-wise theorem",
      "certified": false,
      "coverage": 0.1,
      "errors": 20,
      "macro_task_population_mean_gain": 0.04303449155571928,
      "macro_task_selective_risk": 0.18568840579710144,
      "population_mean_strict_gain": 0.043000101987211235,
      "risk_upper_bound": 0.43329941378898656,
      "selected_count": 62,
      "selected_mean_strict_gain": 0.43096876180759625,
      "selected_total_strict_gain": 26.720063232070967,
      "selective_risk": 0.3225806451612903,
      "stage_counts": {
        "base": 580,
        "screening": 40,
        "verification": 0
      },
      "task_breakdown": {
        "discover_unique": {
          "count": 188,
          "coverage": 0.0,
          "errors": 0,
          "evidence_cost": 0.1,
          "population_mean_gain": -7.978723404255319e-05,
          "selected": 0,
          "selective_risk": 0.0,
          "total_gain": -0.015
        },
        "extreme_properties": {
          "count": 240,
          "coverage": 0.06666666666666667,
          "errors": 3,
          "evidence_cost": 0.7000000000000003,
          "population_mean_gain": 0.03899743639667705,
          "selected": 16,
          "selective_risk": 0.1875,
          "total_gain": 9.359384735202491
        },
        "matbench_pairwise": {
          "count": 192,
          "coverage": 0.23958333333333334,
          "errors": 17,
          "evidence_cost": 0.19999999999999998,
          "population_mean_gain": 0.09018582550452331,
          "selected": 46,
          "selective_risk": 0.3695652173913043,
          "total_gain": 17.315678496868475
        }
      },
      "total_acquired_evidence_cost": 1.0000000000000004,
      "trajectory_total_strict_gain": 26.660063232070964,
      "worst_task_population_mean_gain": -7.978723404255319e-05,
      "worst_task_selective_risk": 0.3695652173913043
    },
    "adaptive_conservative_ltt": {
      "available": false,
      "certified": false,
      "reason": "no simultaneously certified LTT threshold on policy feedback"
    },
    "adaptive_conservative_voi": {
      "alpha": 0.1,
      "certificate_scope": "independent held-out batch certificate; batch ranking couples actions and is not an assumption-free action-wise theorem",
      "certified": false,
      "coverage": 0.1,
      "errors": 9,
      "macro_task_population_mean_gain": 0.06739571979678023,
      "macro_task_selective_risk": 0.2123708010335917,
      "population_mean_strict_gain": 0.06557895794841656,
      "risk_upper_bound": 0.2396418203942679,
      "selected_count": 62,
      "selected_mean_strict_gain": 0.6571807085164231,
      "selected_total_strict_gain": 40.74520392801823,
      "selective_risk": 0.14516129032258066,
      "stage_counts": {
        "base": 580,
        "screening": 40,
        "verification": 0
      },
      "task_breakdown": {
        "discover_unique": {
          "count": 188,
          "coverage": 0.015957446808510637,
          "errors": 1,
          "evidence_cost": 0.1,
          "population_mean_gain": 0.008214405491923923,
          "selected": 3,
          "selective_risk": 0.3333333333333333,
          "total_gain": 1.5443082324816975
        },
        "extreme_properties": {
          "count": 240,
          "coverage": 0.06666666666666667,
          "errors": 3,
          "evidence_cost": 0.7000000000000003,
          "population_mean_gain": 0.03899743639667705,
          "selected": 16,
          "selective_risk": 0.1875,
          "total_gain": 9.359384735202491
        },
        "matbench_pairwise": {
          "count": 192,
          "coverage": 0.22395833333333334,
          "errors": 5,
          "evidence_cost": 0.19999999999999998,
          "population_mean_gain": 0.15497531750173973,
          "selected": 43,
          "selective_risk": 0.11627906976744186,
          "total_gain": 29.755260960334027
        }
      },
      "total_acquired_evidence_cost": 1.0000000000000004,
      "trajectory_total_strict_gain": 40.65895392801826,
      "worst_task_population_mean_gain": 0.008214405491923923,
      "worst_task_selective_risk": 0.3333333333333333
    },
    "adaptive_mean_voi": {
      "alpha": 0.1,
      "certificate_scope": "independent held-out batch certificate; batch ranking couples actions and is not an assumption-free action-wise theorem",
      "certified": false,
      "coverage": 0.1,
      "errors": 9,
      "macro_task_population_mean_gain": 0.062025774216521924,
      "macro_task_selective_risk": 0.09401709401709402,
      "population_mean_strict_gain": 0.06463593858077878,
      "risk_upper_bound": 0.2396418203942679,
      "selected_count": 62,
      "selected_mean_strict_gain": 0.658335192259399,
      "selected_total_strict_gain": 40.81678192008273,
      "selective_risk": 0.14516129032258066,
      "stage_counts": {
        "base": 407,
        "screening": 205,
        "verification": 8
      },
      "task_breakdown": {
        "discover_unique": {
          "count": 188,
          "coverage": 0.0,
          "errors": 0,
          "evidence_cost": 0.1,
          "population_mean_gain": -7.978723404255319e-05,
          "selected": 0,
          "selective_risk": 0.0,
          "total_gain": -0.015
        },
        "extreme_properties": {
          "count": 240,
          "coverage": 0.15,
          "errors": 6,
          "evidence_cost": 3.5499999999999914,
          "population_mean_gain": 0.090564933800623,
          "selected": 36,
          "selective_risk": 0.16666666666666666,
          "total_gain": 21.73558411214952
        },
        "matbench_pairwise": {
          "count": 192,
          "coverage": 0.13541666666666666,
          "errors": 3,
          "evidence_cost": 2.2749999999999986,
          "population_mean_gain": 0.09559217608298531,
          "selected": 26,
          "selective_risk": 0.11538461538461539,
          "total_gain": 18.35369780793318
        }
      },
      "total_acquired_evidence_cost": 5.925000000000019,
      "trajectory_total_strict_gain": 40.07428192008284,
      "worst_task_population_mean_gain": -7.978723404255319e-05,
      "worst_task_selective_risk": 0.16666666666666666
    },
    "base_factorized_lcb": {
      "alpha": 0.1,
      "certificate_scope": "independent held-out batch certificate; batch ranking couples actions and is not an assumption-free action-wise theorem",
      "certified": false,
      "coverage": 0.09838709677419355,
      "errors": 12,
      "macro_task_population_mean_gain": 0.06348572671964975,
      "macro_task_selective_risk": 0.2523584905660377,
      "population_mean_strict_gain": 0.058923330934766746,
      "risk_upper_bound": 0.29915856246283373,
      "selected_count": 61,
      "selected_mean_strict_gain": 0.5988928717959898,
      "selected_total_strict_gain": 36.53246517955538,
      "selective_risk": 0.19672131147540983,
      "stage_counts": {
        "base": 620,
        "screening": 0,
        "verification": 0
      },
      "task_breakdown": {
        "discover_unique": {
          "count": 188,
          "coverage": 0.0425531914893617,
          "errors": 5,
          "evidence_cost": 0.0,
          "population_mean_gain": 0.008828352740716725,
          "selected": 8,
          "selective_risk": 0.625,
          "total_gain": 1.6597303152547442
        },
        "extreme_properties": {
          "count": 240,
          "coverage": 0.0,
          "errors": 0,
          "evidence_cost": 0.0,
          "population_mean_gain": 0.0,
          "selected": 0,
          "selective_risk": 0.0,
          "total_gain": 0.0
        },
        "matbench_pairwise": {
          "count": 192,
          "coverage": 0.2760416666666667,
          "errors": 7,
          "evidence_cost": 0.0,
          "population_mean_gain": 0.18162882741823252,
          "selected": 53,
          "selective_risk": 0.1320754716981132,
          "total_gain": 34.87273486430065
        }
      },
      "total_acquired_evidence_cost": 0.0,
      "trajectory_total_strict_gain": 36.53246517955538,
      "worst_task_population_mean_gain": 0.0,
      "worst_task_selective_risk": 0.625
    },
    "base_factorized_lcb_task_balanced": {
      "alpha": 0.1,
      "certificate_scope": "independent held-out batch certificate; batch ranking couples actions and is not an assumption-free action-wise theorem",
      "certified": false,
      "coverage": 0.04516129032258064,
      "errors": 6,
      "macro_task_population_mean_gain": 0.03013412616293434,
      "macro_task_selective_risk": 0.225,
      "population_mean_strict_gain": 0.027938618159495672,
      "risk_upper_bound": 0.37967018540131153,
      "selected_count": 28,
      "selected_mean_strict_gain": 0.618640830674547,
      "selected_total_strict_gain": 17.321943258887316,
      "selective_risk": 0.21428571428571427,
      "stage_counts": {
        "base": 620,
        "screening": 0,
        "verification": 0
      },
      "task_breakdown": {
        "discover_unique": {
          "count": 188,
          "coverage": 0.0425531914893617,
          "errors": 5,
          "evidence_cost": 0.0,
          "population_mean_gain": 0.008828352740716725,
          "selected": 8,
          "selective_risk": 0.625,
          "total_gain": 1.6597303152547442
        },
        "extreme_properties": {
          "count": 240,
          "coverage": 0.0,
          "errors": 0,
          "evidence_cost": 0.0,
          "population_mean_gain": 0.0,
          "selected": 0,
          "selective_risk": 0.0,
          "total_gain": 0.0
        },
        "matbench_pairwise": {
          "count": 192,
          "coverage": 0.10416666666666667,
          "errors": 1,
          "evidence_cost": 0.0,
          "population_mean_gain": 0.0815740257480863,
          "selected": 20,
          "selective_risk": 0.05,
          "total_gain": 15.662212943632568
        }
      },
      "total_acquired_evidence_cost": 0.0,
      "trajectory_total_strict_gain": 17.321943258887316,
      "worst_task_population_mean_gain": 0.0,
      "worst_task_selective_risk": 0.625
    },
    "decision_consistent_kg_mean": {
      "alpha": 0.1,
      "certificate_scope": "independent held-out batch certificate; batch ranking couples actions and is not an assumption-free action-wise theorem",
      "certified": false,
      "coverage": 0.1,
      "errors": 9,
      "macro_task_population_mean_gain": 0.06607268687254121,
      "macro_task_selective_risk": 0.11585365853658536,
      "population_mean_strict_gain": 0.06467210905414338,
      "risk_upper_bound": 0.2396418203942679,
      "selected_count": 62,
      "selected_mean_strict_gain": 0.6485960905414325,
      "selected_total_strict_gain": 40.21295761356882,
      "selective_risk": 0.14516129032258066,
      "stage_counts": {
        "base": 566,
        "screening": 54,
        "verification": 0
      },
      "task_breakdown": {
        "discover_unique": {
          "count": 188,
          "coverage": 0.005319148936170213,
          "errors": 0,
          "evidence_cost": 0.0,
          "population_mean_gain": 0.004601922141583299,
          "selected": 1,
          "selective_risk": 0.0,
          "total_gain": 0.8651613626176603
        },
        "extreme_properties": {
          "count": 240,
          "coverage": 0.08333333333333333,
          "errors": 5,
          "evidence_cost": 1.1999999999999997,
          "population_mean_gain": 0.04285932632398752,
          "selected": 20,
          "selective_risk": 0.25,
          "total_gain": 10.286238317757006
        },
        "matbench_pairwise": {
          "count": 192,
          "coverage": 0.21354166666666666,
          "errors": 4,
          "evidence_cost": 0.15,
          "population_mean_gain": 0.15075681215205283,
          "selected": 41,
          "selective_risk": 0.0975609756097561,
          "total_gain": 28.945307933194144
        }
      },
      "total_acquired_evidence_cost": 1.3499999999999992,
      "trajectory_total_strict_gain": 40.096707613568896,
      "worst_task_population_mean_gain": 0.004601922141583299,
      "worst_task_selective_risk": 0.25
    },
    "decision_consistent_safe_kg": {
      "alpha": 0.1,
      "certificate_scope": "independent held-out batch certificate; batch ranking couples actions and is not an assumption-free action-wise theorem",
      "certified": false,
      "coverage": 0.1,
      "errors": 13,
      "macro_task_population_mean_gain": 0.06290894824482603,
      "macro_task_selective_risk": 0.3226190476190476,
      "population_mean_strict_gain": 0.05930865259650425,
      "risk_upper_bound": 0.3125508940450147,
      "selected_count": 62,
      "selected_mean_strict_gain": 0.5933284614489133,
      "selected_total_strict_gain": 36.786364609832624,
      "selective_risk": 0.20967741935483872,
      "stage_counts": {
        "base": 608,
        "screening": 12,
        "verification": 0
      },
      "task_breakdown": {
        "discover_unique": {
          "count": 188,
          "coverage": 0.0425531914893617,
          "errors": 5,
          "evidence_cost": 0.0,
          "population_mean_gain": 0.008828352740716725,
          "selected": 8,
          "selective_risk": 0.625,
          "total_gain": 1.6597303152547442
        },
        "extreme_properties": {
          "count": 240,
          "coverage": 0.020833333333333332,
          "errors": 1,
          "evidence_cost": 0.22499999999999998,
          "population_mean_gain": 0.01189841316199377,
          "selected": 5,
          "selective_risk": 0.2,
          "total_gain": 2.8556191588785045
        },
        "matbench_pairwise": {
          "count": 192,
          "coverage": 0.2552083333333333,
          "errors": 7,
          "evidence_cost": 0.07500000000000001,
          "population_mean_gain": 0.1680000788317676,
          "selected": 49,
          "selective_risk": 0.14285714285714285,
          "total_gain": 32.25601513569938
        }
      },
      "total_acquired_evidence_cost": 0.3,
      "trajectory_total_strict_gain": 36.77136460983264,
      "worst_task_population_mean_gain": 0.008828352740716725,
      "worst_task_selective_risk": 0.625
    },
    "fixed_full_evidence_lcb": {
      "alpha": 0.1,
      "certificate_scope": "independent held-out batch certificate; batch ranking couples actions and is not an assumption-free action-wise theorem",
      "certified": true,
      "coverage": 0.1,
      "errors": 1,
      "macro_task_population_mean_gain": 0.06317485266075416,
      "macro_task_selective_risk": 0.009259259259259259,
      "population_mean_strict_gain": 0.06649000533883641,
      "risk_upper_bound": 0.0742421589830167,
      "selected_count": 62,
      "selected_mean_strict_gain": 0.7999000533883686,
      "selected_total_strict_gain": 49.59380331007885,
      "selective_risk": 0.016129032258064516,
      "stage_counts": {
        "base": 0,
        "screening": 0,
        "verification": 620
      },
      "task_breakdown": {
        "discover_unique": {
          "count": 188,
          "coverage": 0.005319148936170213,
          "errors": 0,
          "evidence_cost": 18.799999999999997,
          "population_mean_gain": -0.010385362128104583,
          "selected": 1,
          "selective_risk": 0.0,
          "total_gain": -1.9524480800836617
        },
        "extreme_properties": {
          "count": 240,
          "coverage": 0.15,
          "errors": 1,
          "evidence_cost": 24.00000000000007,
          "population_mean_gain": 0.09986555685358231,
          "selected": 36,
          "selective_risk": 0.027777777777777776,
          "total_gain": 23.967733644859756
        },
        "matbench_pairwise": {
          "count": 192,
          "coverage": 0.13020833333333334,
          "errors": 0,
          "evidence_cost": 19.200000000000003,
          "population_mean_gain": 0.10004436325678473,
          "selected": 25,
          "selective_risk": 0.0,
          "total_gain": 19.208517745302668
        }
      },
      "total_acquired_evidence_cost": 62.00000000000061,
      "trajectory_total_strict_gain": 41.22380331007857,
      "worst_task_population_mean_gain": -0.010385362128104583,
      "worst_task_selective_risk": 0.027777777777777776
    },
    "fixed_full_evidence_lcb_task_balanced": {
      "alpha": 0.1,
      "certificate_scope": "independent held-out batch certificate; batch ranking couples actions and is not an assumption-free action-wise theorem",
      "certified": false,
      "coverage": 0.09516129032258064,
      "errors": 5,
      "macro_task_population_mean_gain": 0.05790446066295357,
      "macro_task_selective_risk": 0.10277777777777779,
      "population_mean_strict_gain": 0.0584131159598034,
      "risk_upper_bound": 0.16996255552575099,
      "selected_count": 59,
      "selected_mean_strict_gain": 0.756459862628447,
      "selected_total_strict_gain": 44.631131895078376,
      "selective_risk": 0.0847457627118644,
      "stage_counts": {
        "base": 0,
        "screening": 0,
        "verification": 620
      },
      "task_breakdown": {
        "discover_unique": {
          "count": 188,
          "coverage": 0.0797872340425532,
          "errors": 4,
          "evidence_cost": 18.799999999999997,
          "population_mean_gain": 0.03275024954620741,
          "selected": 15,
          "selective_risk": 0.26666666666666666,
          "total_gain": 6.157046914686993
        },
        "extreme_properties": {
          "count": 240,
          "coverage": 0.1,
          "errors": 1,
          "evidence_cost": 24.00000000000007,
          "population_mean_gain": 0.06237840732087205,
          "selected": 24,
          "selective_risk": 0.041666666666666664,
          "total_gain": 14.970817757009291
        },
        "matbench_pairwise": {
          "count": 192,
          "coverage": 0.10416666666666667,
          "errors": 0,
          "evidence_cost": 19.200000000000003,
          "population_mean_gain": 0.07858472512178126,
          "selected": 20,
          "selective_risk": 0.0,
          "total_gain": 15.088267223382003
        }
      },
      "total_acquired_evidence_cost": 62.00000000000061,
      "trajectory_total_strict_gain": 36.21613189507811,
      "worst_task_population_mean_gain": 0.03275024954620741,
      "worst_task_selective_risk": 0.26666666666666666
    },
    "fixed_screening_lcb": {
      "alpha": 0.1,
      "certificate_scope": "independent held-out batch certificate; batch ranking couples actions and is not an assumption-free action-wise theorem",
      "certified": false,
      "coverage": 0.1,
      "errors": 8,
      "macro_task_population_mean_gain": 0.06019581896612952,
      "macro_task_selective_risk": 0.3942857142857143,
      "population_mean_strict_gain": 0.06294583739551386,
      "risk_upper_bound": 0.22079276463175418,
      "selected_count": 62,
      "selected_mean_strict_gain": 0.6632083739551359,
      "selected_total_strict_gain": 41.118919185218424,
      "selective_risk": 0.12903225806451613,
      "stage_counts": {
        "base": 0,
        "screening": 620,
        "verification": 0
      },
      "task_breakdown": {
        "discover_unique": {
          "count": 188,
          "coverage": 0.010638297872340425,
          "errors": 2,
          "evidence_cost": 4.699999999999999,
          "population_mean_gain": -0.00587765957446808,
          "selected": 2,
          "selective_risk": 1.0,
          "total_gain": -1.104999999999999
        },
        "extreme_properties": {
          "count": 240,
          "coverage": 0.14583333333333334,
          "errors": 5,
          "evidence_cost": 6.000000000000018,
          "population_mean_gain": 0.09021076713395627,
          "selected": 35,
          "selective_risk": 0.14285714285714285,
          "total_gain": 21.650584112149506
        },
        "matbench_pairwise": {
          "count": 192,
          "coverage": 0.13020833333333334,
          "errors": 1,
          "evidence_cost": 4.800000000000001,
          "population_mean_gain": 0.09625434933890036,
          "selected": 25,
          "selective_risk": 0.04,
          "total_gain": 18.480835073068867
        }
      },
      "total_acquired_evidence_cost": 15.500000000000153,
      "trajectory_total_strict_gain": 39.02641918521859,
      "worst_task_population_mean_gain": -0.00587765957446808,
      "worst_task_selective_risk": 1.0
    },
    "fixed_screening_lcb_task_balanced": {
      "alpha": 0.1,
      "certificate_scope": "independent held-out batch certificate; batch ranking couples actions and is not an assumption-free action-wise theorem",
      "certified": false,
      "coverage": 0.09838709677419355,
      "errors": 12,
      "macro_task_population_mean_gain": 0.0548038621216313,
      "macro_task_selective_risk": 0.2295751633986928,
      "population_mean_strict_gain": 0.05642205124077778,
      "risk_upper_bound": 0.29915856246283373,
      "selected_count": 61,
      "selected_mean_strict_gain": 0.607834783102987,
      "selected_total_strict_gain": 37.077921769282206,
      "selective_risk": 0.19672131147540983,
      "stage_counts": {
        "base": 0,
        "screening": 620,
        "verification": 0
      },
      "task_breakdown": {
        "discover_unique": {
          "count": 188,
          "coverage": 0.09042553191489362,
          "errors": 11,
          "evidence_cost": 4.699999999999999,
          "population_mean_gain": 0.013134542758232625,
          "selected": 17,
          "selective_risk": 0.6470588235294118,
          "total_gain": 2.4692940385477335
        },
        "extreme_properties": {
          "count": 240,
          "coverage": 0.1,
          "errors": 1,
          "evidence_cost": 6.000000000000018,
          "population_mean_gain": 0.07223302829698848,
          "selected": 24,
          "selective_risk": 0.041666666666666664,
          "total_gain": 17.335926791277235
        },
        "matbench_pairwise": {
          "count": 192,
          "coverage": 0.10416666666666667,
          "errors": 0,
          "evidence_cost": 4.800000000000001,
          "population_mean_gain": 0.0790440153096728,
          "selected": 20,
          "selective_risk": 0.0,
          "total_gain": 15.176450939457178
        }
      },
      "total_acquired_evidence_cost": 15.500000000000153,
      "trajectory_total_strict_gain": 34.98167176928222,
      "worst_task_population_mean_gain": 0.013134542758232625,
      "worst_task_selective_risk": 0.6470588235294118
    },
    "learned_portfolio_kg_lcb": {
      "alpha": 0.1,
      "certificate_scope": "independent held-out batch certificate; batch ranking couples actions and is not an assumption-free action-wise theorem",
      "certified": false,
      "coverage": 0.1,
      "errors": 12,
      "macro_task_population_mean_gain": 0.06445378535598702,
      "macro_task_selective_risk": 0.2515432098765432,
      "population_mean_strict_gain": 0.05982268863562202,
      "risk_upper_bound": 0.2946468527145452,
      "selected_count": 62,
      "selected_mean_strict_gain": 0.5982268863562201,
      "selected_total_strict_gain": 37.09006695408565,
      "selective_risk": 0.1935483870967742,
      "stage_counts": {
        "base": 617,
        "screening": 3,
        "verification": 0
      },
      "task_breakdown": {
        "discover_unique": {
          "count": 188,
          "coverage": 0.0425531914893617,
          "errors": 5,
          "evidence_cost": 0.0,
          "population_mean_gain": 0.008828352740716725,
          "selected": 8,
          "selective_risk": 0.625,
          "total_gain": 1.6597303152547442
        },
        "extreme_properties": {
          "count": 240,
          "coverage": 0.0,
          "errors": 0,
          "evidence_cost": 0.0,
          "population_mean_gain": 0.0,
          "selected": 0,
          "selective_risk": 0.0,
          "total_gain": 0.0
        },
        "matbench_pairwise": {
          "count": 192,
          "coverage": 0.28125,
          "errors": 7,
          "evidence_cost": 0.07500000000000001,
          "population_mean_gain": 0.18453300332724434,
          "selected": 54,
          "selective_risk": 0.12962962962962962,
          "total_gain": 35.430336638830916
        }
      },
      "total_acquired_evidence_cost": 0.07500000000000001,
      "trajectory_total_strict_gain": 37.09006695408565,
      "worst_task_population_mean_gain": 0.0,
      "worst_task_selective_risk": 0.625
    },
    "learned_portfolio_kg_lcb_task_balanced": {
      "alpha": 0.1,
      "certificate_scope": "independent held-out batch certificate; batch ranking couples actions and is not an assumption-free action-wise theorem",
      "certified": false,
      "coverage": 0.04516129032258064,
      "errors": 2,
      "macro_task_population_mean_gain": 0.034808615448718036,
      "macro_task_selective_risk": 0.1111111111111111,
      "population_mean_strict_gain": 0.03271711483308375,
      "risk_upper_bound": 0.208204713179412,
      "selected_count": 28,
      "selected_mean_strict_gain": 0.728870042732569,
      "selected_total_strict_gain": 20.40836119651193,
      "selective_risk": 0.07142857142857142,
      "stage_counts": {
        "base": 570,
        "screening": 43,
        "verification": 7
      },
      "task_breakdown": {
        "discover_unique": {
          "count": 188,
          "coverage": 0.031914893617021274,
          "errors": 2,
          "evidence_cost": 0.7,
          "population_mean_gain": 0.01615464791732232,
          "selected": 6,
          "selective_risk": 0.3333333333333333,
          "total_gain": 3.0370738084565962
        },
        "extreme_properties": {
          "count": 240,
          "coverage": 0.008333333333333333,
          "errors": 0,
          "evidence_cost": 0.1,
          "population_mean_gain": 0.0062389018691588775,
          "selected": 2,
          "selective_risk": 0.0,
          "total_gain": 1.4973364485981306
        },
        "matbench_pairwise": {
          "count": 192,
          "coverage": 0.10416666666666667,
          "errors": 0,
          "evidence_cost": 0.9750000000000005,
          "population_mean_gain": 0.08203229655967291,
          "selected": 20,
          "selective_risk": 0.0,
          "total_gain": 15.750200939457198
        }
      },
      "total_acquired_evidence_cost": 1.7750000000000008,
      "trajectory_total_strict_gain": 20.28461119651193,
      "worst_task_population_mean_gain": 0.0062389018691588775,
      "worst_task_selective_risk": 0.3333333333333333
    },
    "learned_portfolio_kg_mean": {
      "alpha": 0.1,
      "certificate_scope": "independent held-out batch certificate; batch ranking couples actions and is not an assumption-free action-wise theorem",
      "certified": false,
      "coverage": 0.1,
      "errors": 4,
      "macro_task_population_mean_gain": 0.07235042650892022,
      "macro_task_selective_risk": 0.02185792349726776,
      "population_mean_strict_gain": 0.0671861902912447,
      "risk_upper_bound": 0.14158343732784232,
      "selected_count": 62,
      "selected_mean_strict_gain": 0.6839586771059957,
      "selected_total_strict_gain": 42.40543798057173,
      "selective_risk": 0.06451612903225806,
      "stage_counts": {
        "base": 496,
        "screening": 62,
        "verification": 62
      },
      "task_breakdown": {
        "discover_unique": {
          "count": 188,
          "coverage": 0.005319148936170213,
          "errors": 0,
          "evidence_cost": 0.0,
          "population_mean_gain": 0.004601922141583299,
          "selected": 1,
          "selective_risk": 0.0,
          "total_gain": 0.8651613626176603
        },
        "extreme_properties": {
          "count": 240,
          "coverage": 0.0,
          "errors": 0,
          "evidence_cost": 0.0,
          "population_mean_gain": 0.0,
          "selected": 0,
          "selective_risk": 0.0,
          "total_gain": 0.0
        },
        "matbench_pairwise": {
          "count": 192,
          "coverage": 0.3177083333333333,
          "errors": 4,
          "evidence_cost": 7.749999999999994,
          "population_mean_gain": 0.21244935738517734,
          "selected": 61,
          "selective_risk": 0.06557377049180328,
          "total_gain": 40.79027661795405
        }
      },
      "total_acquired_evidence_cost": 7.749999999999994,
      "trajectory_total_strict_gain": 41.65543798057171,
      "worst_task_population_mean_gain": 0.0,
      "worst_task_selective_risk": 0.06557377049180328
    },
    "learned_portfolio_kg_mean_task_balanced": {
      "alpha": 0.1,
      "certificate_scope": "independent held-out batch certificate; batch ranking couples actions and is not an assumption-free action-wise theorem",
      "certified": false,
      "coverage": 0.07903225806451612,
      "errors": 4,
      "macro_task_population_mean_gain": 0.055002885587675965,
      "macro_task_selective_risk": 0.05555555555555555,
      "population_mean_strict_gain": 0.055635780593832264,
      "risk_upper_bound": 0.17714788196748052,
      "selected_count": 49,
      "selected_mean_strict_gain": 0.7103915095546124,
      "selected_total_strict_gain": 34.80918396817601,
      "selective_risk": 0.08163265306122448,
      "stage_counts": {
        "base": 518,
        "screening": 87,
        "verification": 15
      },
      "task_breakdown": {
        "discover_unique": {
          "count": 188,
          "coverage": 0.026595744680851064,
          "errors": 0,
          "evidence_cost": 1.5000000000000002,
          "population_mean_gain": 0.02250660423243083,
          "selected": 5,
          "selective_risk": 0.0,
          "total_gain": 4.231241595696996
        },
        "extreme_properties": {
          "count": 240,
          "coverage": 0.1,
          "errors": 4,
          "evidence_cost": 1.1999999999999997,
          "population_mean_gain": 0.060469755970924174,
          "selected": 24,
          "selective_risk": 0.16666666666666666,
          "total_gain": 14.512741433021802
        },
        "matbench_pairwise": {
          "count": 192,
          "coverage": 0.10416666666666667,
          "errors": 0,
          "evidence_cost": 0.9750000000000005,
          "population_mean_gain": 0.08203229655967291,
          "selected": 20,
          "selective_risk": 0.0,
          "total_gain": 15.750200939457198
        }
      },
      "total_acquired_evidence_cost": 3.6749999999999976,
      "trajectory_total_strict_gain": 34.494183968176,
      "worst_task_population_mean_gain": 0.02250660423243083,
      "worst_task_selective_risk": 0.16666666666666666
    },
    "learned_portfolio_kg_risk_controlled": {
      "available": false,
      "certified": false,
      "reason": "no simultaneously risk-certified worthiness threshold"
    },
    "oracle_stage_and_execution": {
      "alpha": 0.1,
      "certificate_scope": "independent held-out batch certificate; batch ranking couples actions and is not an assumption-free action-wise theorem",
      "certified": true,
      "coverage": 0.1,
      "errors": 0,
      "macro_task_population_mean_gain": 0.09040641319733896,
      "macro_task_selective_risk": 0.0,
      "population_mean_strict_gain": 0.08802927292526669,
      "risk_upper_bound": 0.04716951137535683,
      "selected_count": 62,
      "selected_mean_strict_gain": 0.8802927292526669,
      "selected_total_strict_gain": 54.57814921366535,
      "selective_risk": 0.0,
      "stage_counts": {
        "base": 620,
        "screening": 0,
        "verification": 0
      },
      "task_breakdown": {
        "discover_unique": {
          "count": 188,
          "coverage": 0.10106382978723404,
          "errors": 0,
          "evidence_cost": 0.0,
          "population_mean_gain": 0.08878915650202976,
          "selected": 19,
          "selective_risk": 0.0,
          "total_gain": 16.692361422381595
        },
        "extreme_properties": {
          "count": 240,
          "coverage": 0.07083333333333333,
          "errors": 0,
          "evidence_cost": 0.0,
          "population_mean_gain": 0.05956691329179647,
          "selected": 17,
          "selective_risk": 0.0,
          "total_gain": 14.296059190031153
        },
        "matbench_pairwise": {
          "count": 192,
          "coverage": 0.13541666666666666,
          "errors": 0,
          "evidence_cost": 0.0,
          "population_mean_gain": 0.12286316979819066,
          "selected": 26,
          "selective_risk": 0.0,
          "total_gain": 23.589728601252606
        }
      },
      "total_acquired_evidence_cost": 0.0,
      "trajectory_total_strict_gain": 54.57814921366535,
      "worst_task_population_mean_gain": 0.05956691329179647,
      "worst_task_selective_risk": 0.0
    },
    "shadow_price_adaptive_conservative": {
      "alpha": 0.1,
      "certificate_scope": "independent held-out batch certificate; batch ranking couples actions and is not an assumption-free action-wise theorem",
      "certified": false,
      "coverage": 0.1,
      "errors": 9,
      "macro_task_population_mean_gain": 0.06269614681487025,
      "macro_task_selective_risk": 0.09417989417989418,
      "population_mean_strict_gain": 0.06502070400704599,
      "risk_upper_bound": 0.2396418203942679,
      "selected_count": 62,
      "selected_mean_strict_gain": 0.6555296207156193,
      "selected_total_strict_gain": 40.642836484368395,
      "selective_risk": 0.14516129032258066,
      "stage_counts": {
        "base": 496,
        "screening": 124,
        "verification": 0
      },
      "task_breakdown": {
        "discover_unique": {
          "count": 188,
          "coverage": 0.0,
          "errors": 0,
          "evidence_cost": 0.0,
          "population_mean_gain": 0.0,
          "selected": 0,
          "selective_risk": 0.0,
          "total_gain": 0.0
        },
        "extreme_properties": {
          "count": 240,
          "coverage": 0.14583333333333334,
          "errors": 6,
          "evidence_cost": 2.874999999999994,
          "population_mean_gain": 0.08749699831256484,
          "selected": 35,
          "selective_risk": 0.17142857142857143,
          "total_gain": 20.99927959501556
        },
        "matbench_pairwise": {
          "count": 192,
          "coverage": 0.140625,
          "errors": 3,
          "evidence_cost": 0.22499999999999998,
          "population_mean_gain": 0.1005914421320459,
          "selected": 27,
          "selective_risk": 0.1111111111111111,
          "total_gain": 19.313556889352814
        }
      },
      "total_acquired_evidence_cost": 3.099999999999993,
      "trajectory_total_strict_gain": 40.31283648436851,
      "worst_task_population_mean_gain": 0.0,
      "worst_task_selective_risk": 0.17142857142857143
    },
    "shadow_price_adaptive_mean": {
      "alpha": 0.1,
      "certificate_scope": "independent held-out batch certificate; batch ranking couples actions and is not an assumption-free action-wise theorem",
      "certified": false,
      "coverage": 0.1,
      "errors": 10,
      "macro_task_population_mean_gain": 0.061125201396860396,
      "macro_task_selective_risk": 0.1037037037037037,
      "population_mean_strict_gain": 0.06318787803976449,
      "risk_upper_bound": 0.2582143484505437,
      "selected_count": 62,
      "selected_mean_strict_gain": 0.6372618449137727,
      "selected_total_strict_gain": 39.510234384653906,
      "selective_risk": 0.16129032258064516,
      "stage_counts": {
        "base": 496,
        "screening": 124,
        "verification": 0
      },
      "task_breakdown": {
        "discover_unique": {
          "count": 188,
          "coverage": 0.0,
          "errors": 0,
          "evidence_cost": 0.0,
          "population_mean_gain": 0.0,
          "selected": 0,
          "selective_risk": 0.0,
          "total_gain": 0.0
        },
        "extreme_properties": {
          "count": 240,
          "coverage": 0.14583333333333334,
          "errors": 7,
          "evidence_cost": 2.874999999999994,
          "population_mean_gain": 0.08267434125129798,
          "selected": 35,
          "selective_risk": 0.2,
          "total_gain": 19.841841900311515
        },
        "matbench_pairwise": {
          "count": 192,
          "coverage": 0.140625,
          "errors": 3,
          "evidence_cost": 0.22499999999999998,
          "population_mean_gain": 0.1007012629392832,
          "selected": 27,
          "selective_risk": 0.1111111111111111,
          "total_gain": 19.334642484342375
        }
      },
      "total_acquired_evidence_cost": 3.099999999999993,
      "trajectory_total_strict_gain": 39.17648438465398,
      "worst_task_population_mean_gain": 0.0,
      "worst_task_selective_risk": 0.2
    },
    "shadow_price_successive_halving": {
      "alpha": 0.1,
      "certificate_scope": "independent held-out batch certificate; batch ranking couples actions and is not an assumption-free action-wise theorem",
      "certified": false,
      "coverage": 0.1,
      "errors": 8,
      "macro_task_population_mean_gain": 0.06231497158917434,
      "macro_task_selective_risk": 0.0804093567251462,
      "population_mean_strict_gain": 0.06517122016356137,
      "risk_upper_bound": 0.22079276463175418,
      "selected_count": 62,
      "selected_mean_strict_gain": 0.6673775242162588,
      "selected_total_strict_gain": 41.377406501408046,
      "selective_risk": 0.12903225806451613,
      "stage_counts": {
        "base": 496,
        "screening": 62,
        "verification": 62
      },
      "task_breakdown": {
        "discover_unique": {
          "count": 188,
          "coverage": 0.0,
          "errors": 0,
          "evidence_cost": 0.0,
          "population_mean_gain": 0.0,
          "selected": 0,
          "selective_risk": 0.0,
          "total_gain": 0.0
        },
        "extreme_properties": {
          "count": 240,
          "coverage": 0.15833333333333333,
          "errors": 6,
          "evidence_cost": 7.5249999999999995,
          "population_mean_gain": 0.09401526804257519,
          "selected": 38,
          "selective_risk": 0.15789473684210525,
          "total_gain": 22.563664330218046
        },
        "matbench_pairwise": {
          "count": 192,
          "coverage": 0.125,
          "errors": 2,
          "evidence_cost": 0.22499999999999998,
          "population_mean_gain": 0.0929296467249478,
          "selected": 24,
          "selective_risk": 0.08333333333333333,
          "total_gain": 17.842492171189978
        }
      },
      "total_acquired_evidence_cost": 7.749999999999999,
      "trajectory_total_strict_gain": 40.40615650140805,
      "worst_task_population_mean_gain": 0.0,
      "worst_task_selective_risk": 0.15789473684210525
    },
    "static_reliability": {
      "alpha": 0.1,
      "certificate_scope": "independent held-out batch certificate; batch ranking couples actions and is not an assumption-free action-wise theorem",
      "certified": false,
      "coverage": 0.1,
      "errors": 55,
      "macro_task_population_mean_gain": -0.008515651739458936,
      "macro_task_selective_risk": 0.2956989247311828,
      "population_mean_strict_gain": -0.007746496098475549,
      "risk_upper_bound": 0.9457958669798601,
      "selected_count": 62,
      "selected_mean_strict_gain": -0.07746496098475548,
      "selected_total_strict_gain": -4.80282758105484,
      "selective_risk": 0.8870967741935484,
      "stage_counts": {
        "base": 620,
        "screening": 0,
        "verification": 0
      },
      "task_breakdown": {
        "discover_unique": {
          "count": 188,
          "coverage": 0.32978723404255317,
          "errors": 55,
          "evidence_cost": 0.0,
          "population_mean_gain": -0.02554695521837681,
          "selected": 62,
          "selective_risk": 0.8870967741935484,
          "total_gain": -4.80282758105484
        },
        "extreme_properties": {
          "count": 240,
          "coverage": 0.0,
          "errors": 0,
          "evidence_cost": 0.0,
          "population_mean_gain": 0.0,
          "selected": 0,
          "selective_risk": 0.0,
          "total_gain": 0.0
        },
        "matbench_pairwise": {
          "count": 192,
          "coverage": 0.0,
          "errors": 0,
          "evidence_cost": 0.0,
          "population_mean_gain": 0.0,
          "selected": 0,
          "selective_risk": 0.0,
          "total_gain": 0.0
        }
      },
      "total_acquired_evidence_cost": 0.0,
      "trajectory_total_strict_gain": -4.80282758105484,
      "worst_task_population_mean_gain": -0.02554695521837681,
      "worst_task_selective_risk": 0.8870967741935484
    }
  },
  "calibration": {
    "acceptance": {
      "base": {
        "brier": 0.1332214889018286,
        "ece_10": 0.04911878686379077,
        "positive_rate": 0.2903225806451613
      },
      "screening": {
        "brier": 0.10590393110322632,
        "ece_10": 0.029267366067093452,
        "positive_rate": 0.2903225806451613
      },
      "verification": {
        "brier": 0.07964128278784147,
        "ece_10": 0.039995379294074596,
        "positive_rate": 0.2903225806451613
      }
    },
    "feedback": {
      "base": {
        "brier": 0.12349926395003011,
        "ece_10": 0.030405250548095647,
        "positive_rate": 0.30141843971631205
      },
      "screening": {
        "brier": 0.10304341777580492,
        "ece_10": 0.02187320999699225,
        "positive_rate": 0.30141843971631205
      },
      "verification": {
        "brier": 0.06919788461338756,
        "ece_10": 0.027187205169467335,
        "positive_rate": 0.30141843971631205
      }
    },
    "test": {
      "base": {
        "brier": 0.13979357252222765,
        "ece_10": 0.00461515915451579,
        "positive_rate": 0.32142857142857145
      },
      "screening": {
        "brier": 0.09443224841442528,
        "ece_10": 0.017791821187808345,
        "positive_rate": 0.32142857142857145
      },
      "verification": {
        "brier": 0.07979682846402289,
        "ece_10": 0.0274988123707234,
        "positive_rate": 0.32142857142857145
      }
    }
  },
  "feedback_partition": {
    "evidence_calibration": 296,
    "gain_calibration": 280,
    "policy_ltt": 270
  },
  "policy_feedback": {
    "adaptive_ambiguity_voi": {
      "alpha": 0.1,
      "certificate_scope": "independent held-out batch certificate; batch ranking couples actions and is not an assumption-free action-wise theorem",
      "certified": false,
      "coverage": 0.1,
      "errors": 2,
      "macro_task_population_mean_gain": 0.0628953290786573,
      "macro_task_selective_risk": 0.07407407407407407,
      "population_mean_strict_gain": 0.06747331839412946,
      "risk_upper_bound": 0.2152999611424539,
      "selected_count": 27,
      "selected_mean_strict_gain": 0.7130665172746286,
      "selected_total_strict_gain": 19.252795966414972,
      "selective_risk": 0.07407407407407407,
      "stage_counts": {
        "base": 150,
        "screening": 56,
        "verification": 64
      },
      "task_breakdown": {
        "discover_unique": {
          "count": 80,
          "coverage": 0.0,
          "errors": 0,
          "evidence_cost": 1.4249999999999994,
          "population_mean_gain": -0.0026718750000000006,
          "selected": 0,
          "selective_risk": 0.0,
          "total_gain": -0.21375000000000005
        },
        "extreme_properties": {
          "count": 92,
          "coverage": 0.09782608695652174,
          "errors": 2,
          "evidence_cost": 1.1749999999999998,
          "population_mean_gain": 0.05358742211838005,
          "selected": 9,
          "selective_risk": 0.2222222222222222,
          "total_gain": 4.930042834890965
        },
        "matbench_pairwise": {
          "count": 98,
          "coverage": 0.1836734693877551,
          "errors": 0,
          "evidence_cost": 5.1999999999999975,
          "population_mean_gain": 0.13777044011759185,
          "selected": 18,
          "selective_risk": 0.0,
          "total_gain": 13.501503131524002
        }
      },
      "total_acquired_evidence_cost": 7.80000000000001,
      "trajectory_total_strict_gain": 18.217795966414954,
      "worst_task_population_mean_gain": -0.0026718750000000006,
      "worst_task_selective_risk": 0.2222222222222222
    },
    "adaptive_conservative_calibrated_p": {
      "alpha": 0.1,
      "certificate_scope": "independent held-out batch certificate; batch ranking couples actions and is not an assumption-free action-wise theorem",
      "certified": false,
      "coverage": 0.1,
      "errors": 7,
      "macro_task_population_mean_gain": 0.04300000306615486,
      "macro_task_selective_risk": 0.17105263157894735,
      "population_mean_strict_gain": 0.04579690622747045,
      "risk_upper_bound": 0.43230199503545363,
      "selected_count": 27,
      "selected_mean_strict_gain": 0.45977461783026013,
      "selected_total_strict_gain": 12.413914681417024,
      "selective_risk": 0.25925925925925924,
      "stage_counts": {
        "base": 246,
        "screening": 23,
        "verification": 1
      },
      "task_breakdown": {
        "discover_unique": {
          "count": 80,
          "coverage": 0.0,
          "errors": 0,
          "evidence_cost": 0.05,
          "population_mean_gain": -9.375e-05,
          "selected": 0,
          "selective_risk": 0.0,
          "total_gain": -0.0075
        },
        "extreme_properties": {
          "count": 92,
          "coverage": 0.08695652173913043,
          "errors": 2,
          "evidence_cost": 0.47500000000000014,
          "population_mean_gain": 0.04642062000541785,
          "selected": 8,
          "selective_risk": 0.25,
          "total_gain": 4.270697040498442
        },
        "matbench_pairwise": {
          "count": 98,
          "coverage": 0.19387755102040816,
          "errors": 5,
          "evidence_cost": 0.15,
          "population_mean_gain": 0.08267313919304674,
          "selected": 19,
          "selective_risk": 0.2631578947368421,
          "total_gain": 8.10196764091858
        }
      },
      "total_acquired_evidence_cost": 0.6750000000000003,
      "trajectory_total_strict_gain": 12.365164681417022,
      "worst_task_population_mean_gain": -9.375e-05,
      "worst_task_selective_risk": 0.2631578947368421
    },
    "adaptive_conservative_ltt": {
      "available": false,
      "certified": false,
      "reason": "no simultaneously certified LTT threshold on policy feedback"
    },
    "adaptive_conservative_voi": {
      "alpha": 0.1,
      "certificate_scope": "independent held-out batch certificate; batch ranking couples actions and is not an assumption-free action-wise theorem",
      "certified": false,
      "coverage": 0.1,
      "errors": 2,
      "macro_task_population_mean_gain": 0.06734848985126557,
      "macro_task_selective_risk": 0.08333333333333333,
      "population_mean_strict_gain": 0.07230970294903544,
      "risk_upper_bound": 0.2152999611424539,
      "selected_count": 27,
      "selected_mean_strict_gain": 0.7251803628236878,
      "selected_total_strict_gain": 19.57986979623957,
      "selective_risk": 0.07407407407407407,
      "stage_counts": {
        "base": 246,
        "screening": 23,
        "verification": 1
      },
      "task_breakdown": {
        "discover_unique": {
          "count": 80,
          "coverage": 0.0,
          "errors": 0,
          "evidence_cost": 0.05,
          "population_mean_gain": -9.375e-05,
          "selected": 0,
          "selective_risk": 0.0,
          "total_gain": -0.0075
        },
        "extreme_properties": {
          "count": 92,
          "coverage": 0.08695652173913043,
          "errors": 2,
          "evidence_cost": 0.47500000000000014,
          "population_mean_gain": 0.04642062000541785,
          "selected": 8,
          "selective_risk": 0.25,
          "total_gain": 4.270697040498442
        },
        "matbench_pairwise": {
          "count": 98,
          "coverage": 0.19387755102040816,
          "errors": 0,
          "evidence_cost": 0.15,
          "population_mean_gain": 0.15571859954837886,
          "selected": 19,
          "selective_risk": 0.0,
          "total_gain": 15.260422755741127
        }
      },
      "total_acquired_evidence_cost": 0.6750000000000003,
      "trajectory_total_strict_gain": 19.52361979623957,
      "worst_task_population_mean_gain": -9.375e-05,
      "worst_task_selective_risk": 0.25
    },
    "adaptive_mean_voi": {
      "alpha": 0.1,
      "certificate_scope": "independent held-out batch certificate; batch ranking couples actions and is not an assumption-free action-wise theorem",
      "certified": false,
      "coverage": 0.1,
      "errors": 2,
      "macro_task_population_mean_gain": 0.06801002140361599,
      "macro_task_selective_risk": 0.08333333333333333,
      "population_mean_strict_gain": 0.07304181266835809,
      "risk_upper_bound": 0.2152999611424539,
      "selected_count": 27,
      "selected_mean_strict_gain": 0.7394459044613588,
      "selected_total_strict_gain": 19.965039420456687,
      "selective_risk": 0.07407407407407407,
      "stage_counts": {
        "base": 209,
        "screening": 56,
        "verification": 5
      },
      "task_breakdown": {
        "discover_unique": {
          "count": 80,
          "coverage": 0.0,
          "errors": 0,
          "evidence_cost": 0.05,
          "population_mean_gain": -9.375e-05,
          "selected": 0,
          "selective_risk": 0.0,
          "total_gain": -0.0075
        },
        "extreme_properties": {
          "count": 92,
          "coverage": 0.08695652173913043,
          "errors": 2,
          "evidence_cost": 0.8000000000000004,
          "population_mean_gain": 0.045890728701070006,
          "selected": 8,
          "selective_risk": 0.25,
          "total_gain": 4.22194704049844
        },
        "matbench_pairwise": {
          "count": 98,
          "coverage": 0.19387755102040816,
          "errors": 0,
          "evidence_cost": 1.0500000000000003,
          "population_mean_gain": 0.158233085509778,
          "selected": 19,
          "selective_risk": 0.0,
          "total_gain": 15.506842379958243
        }
      },
      "total_acquired_evidence_cost": 1.8999999999999972,
      "trajectory_total_strict_gain": 19.721289420456685,
      "worst_task_population_mean_gain": -9.375e-05,
      "worst_task_selective_risk": 0.25
    },
    "base_factorized_lcb": {
      "alpha": 0.1,
      "certificate_scope": "independent held-out batch certificate; batch ranking couples actions and is not an assumption-free action-wise theorem",
      "certified": false,
      "coverage": 0.1,
      "errors": 4,
      "macro_task_population_mean_gain": 0.06062747646031274,
      "macro_task_selective_risk": 0.3717948717948718,
      "population_mean_strict_gain": 0.06618325214567387,
      "risk_upper_bound": 0.307626344227555,
      "selected_count": 27,
      "selected_mean_strict_gain": 0.6618325214567387,
      "selected_total_strict_gain": 17.869478079331945,
      "selective_risk": 0.14814814814814814,
      "stage_counts": {
        "base": 270,
        "screening": 0,
        "verification": 0
      },
      "task_breakdown": {
        "discover_unique": {
          "count": 80,
          "coverage": 0.0125,
          "errors": 1,
          "evidence_cost": 0.0,
          "population_mean_gain": -0.0025,
          "selected": 1,
          "selective_risk": 1.0,
          "total_gain": -0.2
        },
        "extreme_properties": {
          "count": 92,
          "coverage": 0.0,
          "errors": 0,
          "evidence_cost": 0.0,
          "population_mean_gain": 0.0,
          "selected": 0,
          "selective_risk": 0.0,
          "total_gain": 0.0
        },
        "matbench_pairwise": {
          "count": 98,
          "coverage": 0.2653061224489796,
          "errors": 3,
          "evidence_cost": 0.0,
          "population_mean_gain": 0.1843824293809382,
          "selected": 26,
          "selective_risk": 0.11538461538461539,
          "total_gain": 18.069478079331944
        }
      },
      "total_acquired_evidence_cost": 0.0,
      "trajectory_total_strict_gain": 17.869478079331945,
      "worst_task_population_mean_gain": -0.0025,
      "worst_task_selective_risk": 1.0
    },
    "base_factorized_lcb_task_balanced": {
      "alpha": 0.1,
      "certificate_scope": "independent held-out batch certificate; batch ranking couples actions and is not an assumption-free action-wise theorem",
      "certified": false,
      "coverage": 0.05925925925925926,
      "errors": 4,
      "macro_task_population_mean_gain": 0.034135995047365295,
      "macro_task_selective_risk": 0.2222222222222222,
      "population_mean_strict_gain": 0.03642579030412797,
      "risk_upper_bound": 0.4843964210936692,
      "selected_count": 16,
      "selected_mean_strict_gain": 0.6146852113821595,
      "selected_total_strict_gain": 9.834963382114552,
      "selective_risk": 0.25,
      "stage_counts": {
        "base": 270,
        "screening": 0,
        "verification": 0
      },
      "task_breakdown": {
        "discover_unique": {
          "count": 80,
          "coverage": 0.075,
          "errors": 4,
          "evidence_cost": 0.0,
          "population_mean_gain": 0.011167731211713734,
          "selected": 6,
          "selective_risk": 0.6666666666666666,
          "total_gain": 0.8934184969370986
        },
        "extreme_properties": {
          "count": 92,
          "coverage": 0.0,
          "errors": 0,
          "evidence_cost": 0.0,
          "population_mean_gain": 0.0,
          "selected": 0,
          "selective_risk": 0.0,
          "total_gain": 0.0
        },
        "matbench_pairwise": {
          "count": 98,
          "coverage": 0.10204081632653061,
          "errors": 0,
          "evidence_cost": 0.0,
          "population_mean_gain": 0.09124025393038215,
          "selected": 10,
          "selective_risk": 0.0,
          "total_gain": 8.941544885177452
        }
      },
      "total_acquired_evidence_cost": 0.0,
      "trajectory_total_strict_gain": 9.834963382114552,
      "worst_task_population_mean_gain": 0.0,
      "worst_task_selective_risk": 0.6666666666666666
    },
    "decision_consistent_kg_mean": {
      "alpha": 0.1,
      "certificate_scope": "independent held-out batch certificate; batch ranking couples actions and is not an assumption-free action-wise theorem",
      "certified": false,
      "coverage": 0.1,
      "errors": 4,
      "macro_task_population_mean_gain": 0.0612893126979393,
      "macro_task_selective_risk": 0.3717948717948718,
      "population_mean_strict_gain": 0.06690391827108946,
      "risk_upper_bound": 0.307626344227555,
      "selected_count": 27,
      "selected_mean_strict_gain": 0.6690391827108947,
      "selected_total_strict_gain": 18.064057933194157,
      "selective_risk": 0.14814814814814814,
      "stage_counts": {
        "base": 269,
        "screening": 1,
        "verification": 0
      },
      "task_breakdown": {
        "discover_unique": {
          "count": 80,
          "coverage": 0.0125,
          "errors": 1,
          "evidence_cost": 0.0,
          "population_mean_gain": -0.0025,
          "selected": 1,
          "selective_risk": 1.0,
          "total_gain": -0.2
        },
        "extreme_properties": {
          "count": 92,
          "coverage": 0.0,
          "errors": 0,
          "evidence_cost": 0.0,
          "population_mean_gain": 0.0,
          "selected": 0,
          "selective_risk": 0.0,
          "total_gain": 0.0
        },
        "matbench_pairwise": {
          "count": 98,
          "coverage": 0.2653061224489796,
          "errors": 3,
          "evidence_cost": 0.025,
          "population_mean_gain": 0.1863679380938179,
          "selected": 26,
          "selective_risk": 0.11538461538461539,
          "total_gain": 18.264057933194156
        }
      },
      "total_acquired_evidence_cost": 0.025,
      "trajectory_total_strict_gain": 18.064057933194157,
      "worst_task_population_mean_gain": -0.0025,
      "worst_task_selective_risk": 1.0
    },
    "decision_consistent_safe_kg": {
      "alpha": 0.1,
      "certificate_scope": "independent held-out batch certificate; batch ranking couples actions and is not an assumption-free action-wise theorem",
      "certified": false,
      "coverage": 0.1,
      "errors": 4,
      "macro_task_population_mean_gain": 0.06062747646031274,
      "macro_task_selective_risk": 0.3717948717948718,
      "population_mean_strict_gain": 0.06618325214567387,
      "risk_upper_bound": 0.307626344227555,
      "selected_count": 27,
      "selected_mean_strict_gain": 0.6618325214567387,
      "selected_total_strict_gain": 17.869478079331945,
      "selective_risk": 0.14814814814814814,
      "stage_counts": {
        "base": 270,
        "screening": 0,
        "verification": 0
      },
      "task_breakdown": {
        "discover_unique": {
          "count": 80,
          "coverage": 0.0125,
          "errors": 1,
          "evidence_cost": 0.0,
          "population_mean_gain": -0.0025,
          "selected": 1,
          "selective_risk": 1.0,
          "total_gain": -0.2
        },
        "extreme_properties": {
          "count": 92,
          "coverage": 0.0,
          "errors": 0,
          "evidence_cost": 0.0,
          "population_mean_gain": 0.0,
          "selected": 0,
          "selective_risk": 0.0,
          "total_gain": 0.0
        },
        "matbench_pairwise": {
          "count": 98,
          "coverage": 0.2653061224489796,
          "errors": 3,
          "evidence_cost": 0.0,
          "population_mean_gain": 0.1843824293809382,
          "selected": 26,
          "selective_risk": 0.11538461538461539,
          "total_gain": 18.069478079331944
        }
      },
      "total_acquired_evidence_cost": 0.0,
      "trajectory_total_strict_gain": 17.869478079331945,
      "worst_task_population_mean_gain": -0.0025,
      "worst_task_selective_risk": 1.0
    },
    "fixed_full_evidence_lcb": {
      "alpha": 0.1,
      "certificate_scope": "independent held-out batch certificate; batch ranking couples actions and is not an assumption-free action-wise theorem",
      "certified": false,
      "coverage": 0.1,
      "errors": 0,
      "macro_task_population_mean_gain": 0.06402600034450863,
      "macro_task_selective_risk": 0.0,
      "population_mean_strict_gain": 0.06968065621211413,
      "risk_upper_bound": 0.10501923017634432,
      "selected_count": 27,
      "selected_mean_strict_gain": 0.8318065621211452,
      "selected_total_strict_gain": 22.45877717727092,
      "selective_risk": 0.0,
      "stage_counts": {
        "base": 0,
        "screening": 0,
        "verification": 270
      },
      "task_breakdown": {
        "discover_unique": {
          "count": 80,
          "coverage": 0.0,
          "errors": 0,
          "evidence_cost": 7.999999999999988,
          "population_mean_gain": -0.014999999999999994,
          "selected": 0,
          "selective_risk": 0.0,
          "total_gain": -1.1999999999999995
        },
        "extreme_properties": {
          "count": 92,
          "coverage": 0.07608695652173914,
          "errors": 0,
          "evidence_cost": 9.199999999999983,
          "population_mean_gain": 0.046644487335771374,
          "selected": 7,
          "selective_risk": 0.0,
          "total_gain": 4.2912928348909665
        },
        "matbench_pairwise": {
          "count": 98,
          "coverage": 0.20408163265306123,
          "errors": 0,
          "evidence_cost": 9.799999999999981,
          "population_mean_gain": 0.16043351369775452,
          "selected": 20,
          "selective_risk": 0.0,
          "total_gain": 15.722484342379943
        }
      },
      "total_acquired_evidence_cost": 27.000000000000114,
      "trajectory_total_strict_gain": 18.813777177270815,
      "worst_task_population_mean_gain": -0.014999999999999994,
      "worst_task_selective_risk": 0.0
    },
    "fixed_full_evidence_lcb_task_balanced": {
      "alpha": 0.1,
      "certificate_scope": "independent held-out batch certificate; batch ranking couples actions and is not an assumption-free action-wise theorem",
      "certified": false,
      "coverage": 0.08148148148148149,
      "errors": 1,
      "macro_task_population_mean_gain": 0.0511668953308711,
      "macro_task_selective_risk": 0.06666666666666667,
      "population_mean_strict_gain": 0.05296978165674944,
      "risk_upper_bound": 0.1981221316368816,
      "selected_count": 22,
      "selected_mean_strict_gain": 0.8191745930601101,
      "selected_total_strict_gain": 18.02184104732242,
      "selective_risk": 0.045454545454545456,
      "stage_counts": {
        "base": 0,
        "screening": 0,
        "verification": 270
      },
      "task_breakdown": {
        "discover_unique": {
          "count": 80,
          "coverage": 0.0625,
          "errors": 1,
          "evidence_cost": 7.999999999999988,
          "population_mean_gain": 0.02563106977439118,
          "selected": 5,
          "selective_risk": 0.2,
          "total_gain": 2.0504855819512944
        },
        "extreme_properties": {
          "count": 92,
          "coverage": 0.07608695652173914,
          "errors": 0,
          "evidence_cost": 9.199999999999983,
          "population_mean_gain": 0.046644487335771374,
          "selected": 7,
          "selective_risk": 0.0,
          "total_gain": 4.2912928348909665
        },
        "matbench_pairwise": {
          "count": 98,
          "coverage": 0.10204081632653061,
          "errors": 0,
          "evidence_cost": 9.799999999999981,
          "population_mean_gain": 0.08122512888245075,
          "selected": 10,
          "selective_risk": 0.0,
          "total_gain": 7.960062630480173
        }
      },
      "total_acquired_evidence_cost": 27.000000000000114,
      "trajectory_total_strict_gain": 14.301841047322348,
      "worst_task_population_mean_gain": 0.02563106977439118,
      "worst_task_selective_risk": 0.2
    },
    "fixed_screening_lcb": {
      "alpha": 0.1,
      "certificate_scope": "independent held-out batch certificate; batch ranking couples actions and is not an assumption-free action-wise theorem",
      "certified": false,
      "coverage": 0.1,
      "errors": 3,
      "macro_task_population_mean_gain": 0.0641455177752066,
      "macro_task_selective_risk": 0.1111111111111111,
      "population_mean_strict_gain": 0.06845139901823515,
      "risk_upper_bound": 0.2627388430750412,
      "selected_count": 27,
      "selected_mean_strict_gain": 0.7182639901823527,
      "selected_total_strict_gain": 19.39312773492352,
      "selective_risk": 0.1111111111111111,
      "stage_counts": {
        "base": 0,
        "screening": 270,
        "verification": 0
      },
      "task_breakdown": {
        "discover_unique": {
          "count": 80,
          "coverage": 0.0125,
          "errors": 0,
          "evidence_cost": 1.999999999999997,
          "population_mean_gain": 0.007480996937098453,
          "selected": 1,
          "selective_risk": 0.0,
          "total_gain": 0.5984797549678762
        },
        "extreme_properties": {
          "count": 92,
          "coverage": 0.09782608695652174,
          "errors": 3,
          "evidence_cost": 2.299999999999996,
          "population_mean_gain": 0.0403744243532439,
          "selected": 9,
          "selective_risk": 0.3333333333333333,
          "total_gain": 3.7144470404984387
        },
        "matbench_pairwise": {
          "count": 98,
          "coverage": 0.17346938775510204,
          "errors": 0,
          "evidence_cost": 2.4499999999999953,
          "population_mean_gain": 0.14458113203527748,
          "selected": 17,
          "selective_risk": 0.0,
          "total_gain": 14.168950939457194
        }
      },
      "total_acquired_evidence_cost": 6.750000000000028,
      "trajectory_total_strict_gain": 18.48187773492349,
      "worst_task_population_mean_gain": 0.007480996937098453,
      "worst_task_selective_risk": 0.3333333333333333
    },
    "fixed_screening_lcb_task_balanced": {
      "alpha": 0.1,
      "certificate_scope": "independent held-out batch certificate; batch ranking couples actions and is not an assumption-free action-wise theorem",
      "certified": false,
      "coverage": 0.0962962962962963,
      "errors": 7,
      "macro_task_population_mean_gain": 0.04968455668190606,
      "macro_task_selective_risk": 0.30158730158730157,
      "population_mean_strict_gain": 0.051945811780239985,
      "risk_upper_bound": 0.44676653642417763,
      "selected_count": 26,
      "selected_mean_strict_gain": 0.5746295838717242,
      "selected_total_strict_gain": 14.94036918066483,
      "selective_risk": 0.2692307692307692,
      "stage_counts": {
        "base": 0,
        "screening": 270,
        "verification": 0
      },
      "task_breakdown": {
        "discover_unique": {
          "count": 80,
          "coverage": 0.0875,
          "errors": 4,
          "evidence_cost": 1.999999999999997,
          "population_mean_gain": 0.018869107649783397,
          "selected": 7,
          "selective_risk": 0.5714285714285714,
          "total_gain": 1.5095286119826716
        },
        "extreme_properties": {
          "count": 92,
          "coverage": 0.09782608695652174,
          "errors": 3,
          "evidence_cost": 2.299999999999996,
          "population_mean_gain": 0.0403744243532439,
          "selected": 9,
          "selective_risk": 0.3333333333333333,
          "total_gain": 3.7144470404984387
        },
        "matbench_pairwise": {
          "count": 98,
          "coverage": 0.10204081632653061,
          "errors": 0,
          "evidence_cost": 2.4499999999999953,
          "population_mean_gain": 0.08981013804269088,
          "selected": 10,
          "selective_risk": 0.0,
          "total_gain": 8.801393528183706
        }
      },
      "total_acquired_evidence_cost": 6.750000000000028,
      "trajectory_total_strict_gain": 14.025369180664796,
      "worst_task_population_mean_gain": 0.018869107649783397,
      "worst_task_selective_risk": 0.5714285714285714
    },
    "learned_portfolio_kg_lcb": {
      "alpha": 0.1,
      "certificate_scope": "independent held-out batch certificate; batch ranking couples actions and is not an assumption-free action-wise theorem",
      "certified": false,
      "coverage": 0.1,
      "errors": 4,
      "macro_task_population_mean_gain": 0.06062747646031274,
      "macro_task_selective_risk": 0.3717948717948718,
      "population_mean_strict_gain": 0.06618325214567387,
      "risk_upper_bound": 0.307626344227555,
      "selected_count": 27,
      "selected_mean_strict_gain": 0.6618325214567387,
      "selected_total_strict_gain": 17.869478079331945,
      "selective_risk": 0.14814814814814814,
      "stage_counts": {
        "base": 270,
        "screening": 0,
        "verification": 0
      },
      "task_breakdown": {
        "discover_unique": {
          "count": 80,
          "coverage": 0.0125,
          "errors": 1,
          "evidence_cost": 0.0,
          "population_mean_gain": -0.0025,
          "selected": 1,
          "selective_risk": 1.0,
          "total_gain": -0.2
        },
        "extreme_properties": {
          "count": 92,
          "coverage": 0.0,
          "errors": 0,
          "evidence_cost": 0.0,
          "population_mean_gain": 0.0,
          "selected": 0,
          "selective_risk": 0.0,
          "total_gain": 0.0
        },
        "matbench_pairwise": {
          "count": 98,
          "coverage": 0.2653061224489796,
          "errors": 3,
          "evidence_cost": 0.0,
          "population_mean_gain": 0.1843824293809382,
          "selected": 26,
          "selective_risk": 0.11538461538461539,
          "total_gain": 18.069478079331944
        }
      },
      "total_acquired_evidence_cost": 0.0,
      "trajectory_total_strict_gain": 17.869478079331945,
      "worst_task_population_mean_gain": -0.0025,
      "worst_task_selective_risk": 1.0
    },
    "learned_portfolio_kg_lcb_task_balanced": {
      "alpha": 0.1,
      "certificate_scope": "independent held-out batch certificate; batch ranking couples actions and is not an assumption-free action-wise theorem",
      "certified": false,
      "coverage": 0.05925925925925926,
      "errors": 3,
      "macro_task_population_mean_gain": 0.03878589261222971,
      "macro_task_selective_risk": 0.16666666666666666,
      "population_mean_strict_gain": 0.04061352713756999,
      "risk_upper_bound": 0.4165722807061528,
      "selected_count": 16,
      "selected_mean_strict_gain": 0.6893376454464937,
      "selected_total_strict_gain": 11.029402327143899,
      "selective_risk": 0.1875,
      "stage_counts": {
        "base": 247,
        "screening": 19,
        "verification": 4
      },
      "task_breakdown": {
        "discover_unique": {
          "count": 80,
          "coverage": 0.075,
          "errors": 3,
          "evidence_cost": 0.4,
          "population_mean_gain": 0.024300005602868675,
          "selected": 6,
          "selective_risk": 0.5,
          "total_gain": 1.944000448229494
        },
        "extreme_properties": {
          "count": 92,
          "coverage": 0.0,
          "errors": 0,
          "evidence_cost": 0.0,
          "population_mean_gain": 0.0,
          "selected": 0,
          "selective_risk": 0.0,
          "total_gain": 0.0
        },
        "matbench_pairwise": {
          "count": 98,
          "coverage": 0.10204081632653061,
          "errors": 0,
          "evidence_cost": 0.47500000000000014,
          "population_mean_gain": 0.09205767223382044,
          "selected": 10,
          "selective_risk": 0.0,
          "total_gain": 9.021651878914403
        }
      },
      "total_acquired_evidence_cost": 0.8750000000000001,
      "trajectory_total_strict_gain": 10.965652327143896,
      "worst_task_population_mean_gain": 0.0,
      "worst_task_selective_risk": 0.5
    },
    "learned_portfolio_kg_mean": {
      "alpha": 0.1,
      "certificate_scope": "independent held-out batch certificate; batch ranking couples actions and is not an assumption-free action-wise theorem",
      "certified": false,
      "coverage": 0.1,
      "errors": 2,
      "macro_task_population_mean_gain": 0.06722632894493914,
      "macro_task_selective_risk": 0.3461538461538462,
      "population_mean_strict_gain": 0.0733686692956004,
      "risk_upper_bound": 0.2152999611424539,
      "selected_count": 27,
      "selected_mean_strict_gain": 0.7347978040671151,
      "selected_total_strict_gain": 19.83954070981211,
      "selective_risk": 0.07407407407407407,
      "stage_counts": {
        "base": 261,
        "screening": 4,
        "verification": 5
      },
      "task_breakdown": {
        "discover_unique": {
          "count": 80,
          "coverage": 0.0125,
          "errors": 1,
          "evidence_cost": 0.0,
          "population_mean_gain": -0.0025,
          "selected": 1,
          "selective_risk": 1.0,
          "total_gain": -0.2
        },
        "extreme_properties": {
          "count": 92,
          "coverage": 0.0,
          "errors": 0,
          "evidence_cost": 0.0,
          "population_mean_gain": 0.0,
          "selected": 0,
          "selective_risk": 0.0,
          "total_gain": 0.0
        },
        "matbench_pairwise": {
          "count": 98,
          "coverage": 0.2653061224489796,
          "errors": 1,
          "evidence_cost": 0.6,
          "population_mean_gain": 0.20417898683481742,
          "selected": 26,
          "selective_risk": 0.038461538461538464,
          "total_gain": 20.009540709812107
        }
      },
      "total_acquired_evidence_cost": 0.6,
      "trajectory_total_strict_gain": 19.809540709812108,
      "worst_task_population_mean_gain": -0.0025,
      "worst_task_selective_risk": 1.0
    },
    "learned_portfolio_kg_mean_task_balanced": {
      "alpha": 0.1,
      "certificate_scope": "independent held-out batch certificate; batch ranking couples actions and is not an assumption-free action-wise theorem",
      "certified": false,
      "coverage": 0.07037037037037037,
      "errors": 2,
      "macro_task_population_mean_gain": 0.0502956998169791,
      "macro_task_selective_risk": 0.09523809523809523,
      "population_mean_strict_gain": 0.052566430921340924,
      "risk_upper_bound": 0.29580201397505046,
      "selected_count": 19,
      "selected_mean_strict_gain": 0.7562729657243188,
      "selected_total_strict_gain": 14.369186348762057,
      "selective_risk": 0.10526315789473684,
      "stage_counts": {
        "base": 222,
        "screening": 40,
        "verification": 8
      },
      "task_breakdown": {
        "discover_unique": {
          "count": 80,
          "coverage": 0.025,
          "errors": 0,
          "evidence_cost": 0.825,
          "population_mean_gain": 0.020453816020469147,
          "selected": 2,
          "selective_risk": 0.0,
          "total_gain": 1.6363052816375319
        },
        "extreme_properties": {
          "count": 92,
          "coverage": 0.07608695652173914,
          "errors": 2,
          "evidence_cost": 0.47500000000000014,
          "population_mean_gain": 0.03763845151022619,
          "selected": 7,
          "selective_risk": 0.2857142857142857,
          "total_gain": 3.4627375389408095
        },
        "matbench_pairwise": {
          "count": 98,
          "coverage": 0.10204081632653061,
          "errors": 0,
          "evidence_cost": 0.5000000000000001,
          "population_mean_gain": 0.09279483192024199,
          "selected": 10,
          "selective_risk": 0.0,
          "total_gain": 9.093893528183715
        }
      },
      "total_acquired_evidence_cost": 1.7999999999999987,
      "trajectory_total_strict_gain": 14.19293634876205,
      "worst_task_population_mean_gain": 0.020453816020469147,
      "worst_task_selective_risk": 0.2857142857142857
    },
    "learned_portfolio_kg_risk_controlled": {
      "available": false,
      "certified": false,
      "reason": "no simultaneously risk-certified worthiness threshold"
    },
    "oracle_stage_and_execution": {
      "alpha": 0.1,
      "certificate_scope": "independent held-out batch certificate; batch ranking couples actions and is not an assumption-free action-wise theorem",
      "certified": false,
      "coverage": 0.1,
      "errors": 0,
      "macro_task_population_mean_gain": 0.08728393143946438,
      "macro_task_selective_risk": 0.0,
      "population_mean_strict_gain": 0.0896197372712176,
      "risk_upper_bound": 0.10501923017634432,
      "selected_count": 27,
      "selected_mean_strict_gain": 0.8961973727121759,
      "selected_total_strict_gain": 24.19732906322875,
      "selective_risk": 0.0,
      "stage_counts": {
        "base": 270,
        "screening": 0,
        "verification": 0
      },
      "task_breakdown": {
        "discover_unique": {
          "count": 80,
          "coverage": 0.0875,
          "errors": 0,
          "evidence_cost": 0.0,
          "population_mean_gain": 0.07511705326460481,
          "selected": 7,
          "selective_risk": 0.0,
          "total_gain": 6.009364261168385
        },
        "extreme_properties": {
          "count": 92,
          "coverage": 0.021739130434782608,
          "errors": 0,
          "evidence_cost": 0.0,
          "population_mean_gain": 0.018673303535148313,
          "selected": 2,
          "selective_risk": 0.0,
          "total_gain": 1.7179439252336448
        },
        "matbench_pairwise": {
          "count": 98,
          "coverage": 0.1836734693877551,
          "errors": 0,
          "evidence_cost": 0.0,
          "population_mean_gain": 0.16806143751864003,
          "selected": 18,
          "selective_risk": 0.0,
          "total_gain": 16.470020876826723
        }
      },
      "total_acquired_evidence_cost": 0.0,
      "trajectory_total_strict_gain": 24.19732906322875,
      "worst_task_population_mean_gain": 0.018673303535148313,
      "worst_task_selective_risk": 0.0
    },
    "shadow_price_adaptive_conservative": {
      "alpha": 0.1,
      "certificate_scope": "independent held-out batch certificate; batch ranking couples actions and is not an assumption-free action-wise theorem",
      "certified": false,
      "coverage": 0.1,
      "errors": 1,
      "macro_task_population_mean_gain": 0.07199663757704372,
      "macro_task_selective_risk": 0.3333333333333333,
      "population_mean_strict_gain": 0.07738952781565572,
      "risk_upper_bound": 0.16397439474530723,
      "selected_count": 27,
      "selected_mean_strict_gain": 0.7751452781565573,
      "selected_total_strict_gain": 20.928922510227046,
      "selective_risk": 0.037037037037037035,
      "stage_counts": {
        "base": 254,
        "screening": 16,
        "verification": 0
      },
      "task_breakdown": {
        "discover_unique": {
          "count": 80,
          "coverage": 0.0125,
          "errors": 1,
          "evidence_cost": 0.0,
          "population_mean_gain": -0.0025,
          "selected": 1,
          "selective_risk": 1.0,
          "total_gain": -0.2
        },
        "extreme_properties": {
          "count": 92,
          "coverage": 0.06521739130434782,
          "errors": 0,
          "evidence_cost": 0.325,
          "population_mean_gain": 0.05280648957063523,
          "selected": 6,
          "selective_risk": 0.0,
          "total_gain": 4.858197040498442
        },
        "matbench_pairwise": {
          "count": 98,
          "coverage": 0.20408163265306123,
          "errors": 0,
          "evidence_cost": 0.07500000000000001,
          "population_mean_gain": 0.16568342316049595,
          "selected": 20,
          "selective_risk": 0.0,
          "total_gain": 16.236975469728602
        }
      },
      "total_acquired_evidence_cost": 0.4000000000000001,
      "trajectory_total_strict_gain": 20.895172510227045,
      "worst_task_population_mean_gain": -0.0025,
      "worst_task_selective_risk": 1.0
    },
    "shadow_price_adaptive_mean": {
      "alpha": 0.1,
      "certificate_scope": "independent held-out batch certificate; batch ranking couples actions and is not an assumption-free action-wise theorem",
      "certified": false,
      "coverage": 0.1,
      "errors": 2,
      "macro_task_population_mean_gain": 0.06850507186945452,
      "macro_task_selective_risk": 0.08333333333333333,
      "population_mean_strict_gain": 0.07356959044613588,
      "risk_upper_bound": 0.2152999611424539,
      "selected_count": 27,
      "selected_mean_strict_gain": 0.7394459044613588,
      "selected_total_strict_gain": 19.965039420456687,
      "selective_risk": 0.07407407407407407,
      "stage_counts": {
        "base": 232,
        "screening": 38,
        "verification": 0
      },
      "task_breakdown": {
        "discover_unique": {
          "count": 80,
          "coverage": 0.0,
          "errors": 0,
          "evidence_cost": 0.025,
          "population_mean_gain": -4.6875e-05,
          "selected": 0,
          "selective_risk": 0.0,
          "total_gain": -0.00375
        },
        "extreme_properties": {
          "count": 92,
          "coverage": 0.08695652173913043,
          "errors": 2,
          "evidence_cost": 0.5750000000000002,
          "population_mean_gain": 0.04625757652715697,
          "selected": 8,
          "selective_risk": 0.25,
          "total_gain": 4.2556970404984416
        },
        "matbench_pairwise": {
          "count": 98,
          "coverage": 0.19387755102040816,
          "errors": 0,
          "evidence_cost": 0.35000000000000003,
          "population_mean_gain": 0.15930451408120658,
          "selected": 19,
          "selective_risk": 0.0,
          "total_gain": 15.611842379958246
        }
      },
      "total_acquired_evidence_cost": 0.9500000000000005,
      "trajectory_total_strict_gain": 19.863789420456687,
      "worst_task_population_mean_gain": -4.6875e-05,
      "worst_task_selective_risk": 0.25
    },
    "shadow_price_successive_halving": {
      "alpha": 0.1,
      "certificate_scope": "independent held-out batch certificate; batch ranking couples actions and is not an assumption-free action-wise theorem",
      "certified": false,
      "coverage": 0.1,
      "errors": 2,
      "macro_task_population_mean_gain": 0.06812909256623899,
      "macro_task_selective_risk": 0.07407407407407407,
      "population_mean_strict_gain": 0.07306936146224978,
      "risk_upper_bound": 0.2152999611424539,
      "selected_count": 27,
      "selected_mean_strict_gain": 0.747499170178054,
      "selected_total_strict_gain": 20.18247759480746,
      "selective_risk": 0.07407407407407407,
      "stage_counts": {
        "base": 216,
        "screening": 27,
        "verification": 27
      },
      "task_breakdown": {
        "discover_unique": {
          "count": 80,
          "coverage": 0.0,
          "errors": 0,
          "evidence_cost": 0.0,
          "population_mean_gain": 0.0,
          "selected": 0,
          "selective_risk": 0.0,
          "total_gain": 0.0
        },
        "extreme_properties": {
          "count": 92,
          "coverage": 0.09782608695652174,
          "errors": 2,
          "evidence_cost": 3.2499999999999996,
          "population_mean_gain": 0.050204269944467014,
          "selected": 9,
          "selective_risk": 0.2222222222222222,
          "total_gain": 4.618792834890965
        },
        "matbench_pairwise": {
          "count": 98,
          "coverage": 0.1836734693877551,
          "errors": 0,
          "evidence_cost": 0.125,
          "population_mean_gain": 0.15418300775424992,
          "selected": 18,
          "selective_risk": 0.0,
          "total_gain": 15.109934759916491
        }
      },
      "total_acquired_evidence_cost": 3.3749999999999996,
      "trajectory_total_strict_gain": 19.72872759480744,
      "worst_task_population_mean_gain": 0.0,
      "worst_task_selective_risk": 0.2222222222222222
    },
    "static_reliability": {
      "alpha": 0.1,
      "certificate_scope": "independent held-out batch certificate; batch ranking couples actions and is not an assumption-free action-wise theorem",
      "certified": false,
      "coverage": 0.1,
      "errors": 24,
      "macro_task_population_mean_gain": -0.009204159196175106,
      "macro_task_selective_risk": 0.2962962962962963,
      "population_mean_strict_gain": -0.008181474841044539,
      "risk_upper_bound": 0.9690216067659647,
      "selected_count": 27,
      "selected_mean_strict_gain": -0.08181474841044539,
      "selected_total_strict_gain": -2.2089982070820255,
      "selective_risk": 0.8888888888888888,
      "stage_counts": {
        "base": 270,
        "screening": 0,
        "verification": 0
      },
      "task_breakdown": {
        "discover_unique": {
          "count": 80,
          "coverage": 0.3375,
          "errors": 24,
          "evidence_cost": 0.0,
          "population_mean_gain": -0.02761247758852532,
          "selected": 27,
          "selective_risk": 0.8888888888888888,
          "total_gain": -2.2089982070820255
        },
        "extreme_properties": {
          "count": 92,
          "coverage": 0.0,
          "errors": 0,
          "evidence_cost": 0.0,
          "population_mean_gain": 0.0,
          "selected": 0,
          "selective_risk": 0.0,
          "total_gain": 0.0
        },
        "matbench_pairwise": {
          "count": 98,
          "coverage": 0.0,
          "errors": 0,
          "evidence_cost": 0.0,
          "population_mean_gain": 0.0,
          "selected": 0,
          "selective_risk": 0.0,
          "total_gain": 0.0
        }
      },
      "total_acquired_evidence_cost": 0.0,
      "trajectory_total_strict_gain": -2.2089982070820255,
      "worst_task_population_mean_gain": -0.02761247758852532,
      "worst_task_selective_risk": 0.8888888888888888
    }
  },
  "portfolio_kg_audit": {
    "calibration_examples": 137,
    "fit_examples": 159,
    "fit_heads": {
      "discover_unique::base->screening": {
        "count": 56,
        "mean_realized_incremental_gain": -0.08191836675492674,
        "positive_rate": 0.017857142857142856
      },
      "discover_unique::screening->verification": {
        "count": 56,
        "mean_realized_incremental_gain": -0.011249999999999993,
        "positive_rate": 0.0
      },
      "extreme_properties::base->screening": {
        "count": 52,
        "mean_realized_incremental_gain": -0.06678903849030464,
        "positive_rate": 0.0
      },
      "extreme_properties::screening->verification": {
        "count": 52,
        "mean_realized_incremental_gain": 0.015803693729997938,
        "positive_rate": 0.057692307692307696
      },
      "matbench_pairwise::base->screening": {
        "count": 51,
        "mean_realized_incremental_gain": -0.0037090650456423602,
        "positive_rate": 0.0392156862745098
      },
      "matbench_pairwise::screening->verification": {
        "count": 51,
        "mean_realized_incremental_gain": 0.013341624733842927,
        "positive_rate": 0.17647058823529413
      }
    },
    "heads": {
      "discover_unique::base->screening": {
        "count": 48,
        "mean_absolute_error": 0.08212139944235596,
        "mean_realized_incremental_gain": -0.07474769724177178,
        "positive_rate": 0.0
      },
      "discover_unique::screening->verification": {
        "count": 48,
        "mean_absolute_error": 1.214306433183765e-17,
        "mean_realized_incremental_gain": -0.011249999999999994,
        "positive_rate": 0.0
      },
      "extreme_properties::base->screening": {
        "count": 41,
        "mean_absolute_error": 0.07126663770705768,
        "mean_realized_incremental_gain": -0.04953598730449063,
        "positive_rate": 0.0
      },
      "extreme_properties::screening->verification": {
        "count": 41,
        "mean_absolute_error": 0.029698508214385803,
        "mean_realized_incremental_gain": -0.011249999999999994,
        "positive_rate": 0.0
      },
      "matbench_pairwise::base->screening": {
        "count": 48,
        "mean_absolute_error": 0.06276881111171556,
        "mean_realized_incremental_gain": -0.019855601948503807,
        "positive_rate": 0.020833333333333332
      },
      "matbench_pairwise::screening->verification": {
        "count": 48,
        "mean_absolute_error": 0.06144076918559551,
        "mean_realized_incremental_gain": 0.036964544216381505,
        "positive_rate": 0.2708333333333333
      }
    },
    "portfolio_context_examples": 296,
    "task_balanced": false
  },
  "task_balanced_portfolio_kg_audit": {
    "calibration_examples": 140,
    "fit_examples": 156,
    "fit_heads": {
      "discover_unique::base->screening": {
        "count": 57,
        "mean_realized_incremental_gain": 0.016787954028954062,
        "positive_rate": 0.05263157894736842
      },
      "discover_unique::screening->verification": {
        "count": 57,
        "mean_realized_incremental_gain": 0.017460606263155258,
        "positive_rate": 0.14035087719298245
      },
      "extreme_properties::base->screening": {
        "count": 49,
        "mean_realized_incremental_gain": 0.21024469133447765,
        "positive_rate": 0.2857142857142857
      },
      "extreme_properties::screening->verification": {
        "count": 49,
        "mean_realized_incremental_gain": -0.02320244452921366,
        "positive_rate": 0.02040816326530612
      },
      "matbench_pairwise::base->screening": {
        "count": 50,
        "mean_realized_incremental_gain": 0.09806628392484344,
        "positive_rate": 0.1
      },
      "matbench_pairwise::screening->verification": {
        "count": 50,
        "mean_realized_incremental_gain": -0.029366910229644945,
        "positive_rate": 0.02
      }
    },
    "heads": {
      "discover_unique::base->screening": {
        "count": 47,
        "mean_absolute_error": 0.04812563094808642,
        "mean_realized_incremental_gain": 0.03380606842334482,
        "positive_rate": 0.0425531914893617
      },
      "discover_unique::screening->verification": {
        "count": 47,
        "mean_absolute_error": 0.07247998738233018,
        "mean_realized_incremental_gain": 0.06372949588487177,
        "positive_rate": 0.10638297872340426
      },
      "extreme_properties::base->screening": {
        "count": 44,
        "mean_absolute_error": 0.22023837426293602,
        "mean_realized_incremental_gain": 0.1156297790994052,
        "positive_rate": 0.1590909090909091
      },
      "extreme_properties::screening->verification": {
        "count": 44,
        "mean_absolute_error": 0.004752777500089297,
        "mean_realized_incremental_gain": -0.015232582837723078,
        "positive_rate": 0.0
      },
      "matbench_pairwise::base->screening": {
        "count": 49,
        "mean_absolute_error": 0.11547907532470614,
        "mean_realized_incremental_gain": 0.1218262430233054,
        "positive_rate": 0.14285714285714285
      },
      "matbench_pairwise::screening->verification": {
        "count": 49,
        "mean_absolute_error": 0.03569610728412941,
        "mean_realized_incremental_gain": -0.02723142388479373,
        "positive_rate": 0.08163265306122448
      }
    },
    "portfolio_context_examples": 296,
    "task_balanced": true
  },
  "test": {
    "adaptive_ambiguity_voi": {
      "alpha": 0.1,
      "certificate_scope": "independent held-out batch certificate; batch ranking couples actions and is not an assumption-free action-wise theorem",
      "certified": false,
      "coverage": 0.10098522167487685,
      "errors": 7,
      "macro_task_population_mean_gain": 0.06075385336394409,
      "macro_task_selective_risk": 0.19457485654668752,
      "population_mean_strict_gain": 0.062366292124221664,
      "risk_upper_bound": 0.15436527174534034,
      "selected_count": 82,
      "selected_mean_strict_gain": 0.6545296244496077,
      "selected_total_strict_gain": 53.671429204867835,
      "selective_risk": 0.08536585365853659,
      "stage_counts": {
        "base": 505,
        "screening": 101,
        "verification": 206
      },
      "task_breakdown": {
        "discover_unique": {
          "count": 332,
          "coverage": 0.02710843373493976,
          "errors": 5,
          "evidence_cost": 6.849999999999998,
          "population_mean_gain": 0.004348655266516538,
          "selected": 9,
          "selective_risk": 0.5555555555555556,
          "total_gain": 1.4437535484834905
        },
        "extreme_properties": {
          "count": 200,
          "coverage": 0.01,
          "errors": 0,
          "evidence_cost": 0.1,
          "population_mean_gain": 0.007724221183800622,
          "selected": 2,
          "selective_risk": 0.0,
          "total_gain": 1.5448442367601245
        },
        "matbench_pairwise": {
          "count": 280,
          "coverage": 0.25357142857142856,
          "errors": 2,
          "evidence_cost": 16.174999999999976,
          "population_mean_gain": 0.1701886836415151,
          "selected": 71,
          "selective_risk": 0.028169014084507043,
          "total_gain": 47.65283141962423
        }
      },
      "total_acquired_evidence_cost": 23.12499999999997,
      "trajectory_total_strict_gain": 50.64142920486799,
      "worst_task_population_mean_gain": 0.004348655266516538,
      "worst_task_selective_risk": 0.5555555555555556
    },
    "adaptive_conservative_calibrated_p": {
      "alpha": 0.1,
      "certificate_scope": "independent held-out batch certificate; batch ranking couples actions and is not an assumption-free action-wise theorem",
      "certified": false,
      "coverage": 0.10098522167487685,
      "errors": 19,
      "macro_task_population_mean_gain": 0.04508478188025656,
      "macro_task_selective_risk": 0.07916666666666666,
      "population_mean_strict_gain": 0.045872235207297954,
      "risk_upper_bound": 0.3211861203430714,
      "selected_count": 82,
      "selected_mean_strict_gain": 0.4545671340039746,
      "selected_total_strict_gain": 37.274504988325916,
      "selective_risk": 0.23170731707317074,
      "stage_counts": {
        "base": 799,
        "screening": 13,
        "verification": 0
      },
      "task_breakdown": {
        "discover_unique": {
          "count": 332,
          "coverage": 0.0,
          "errors": 0,
          "evidence_cost": 0.15,
          "population_mean_gain": -6.77710843373494e-05,
          "selected": 0,
          "selective_risk": 0.0,
          "total_gain": -0.0225
        },
        "extreme_properties": {
          "count": 200,
          "coverage": 0.01,
          "errors": 0,
          "evidence_cost": 0.07500000000000001,
          "population_mean_gain": 0.007742971183800622,
          "selected": 2,
          "selective_risk": 0.0,
          "total_gain": 1.5485942367601244
        },
        "matbench_pairwise": {
          "count": 280,
          "coverage": 0.2857142857142857,
          "errors": 19,
          "evidence_cost": 0.1,
          "population_mean_gain": 0.1275791455413064,
          "selected": 80,
          "selective_risk": 0.2375,
          "total_gain": 35.72216075156579
        }
      },
      "total_acquired_evidence_cost": 0.325,
      "trajectory_total_strict_gain": 37.24825498832594,
      "worst_task_population_mean_gain": -6.77710843373494e-05,
      "worst_task_selective_risk": 0.2375
    },
    "adaptive_conservative_ltt": {
      "available": false,
      "certified": false,
      "reason": "no simultaneously certified LTT threshold on policy feedback"
    },
    "adaptive_conservative_voi": {
      "alpha": 0.1,
      "certificate_scope": "independent held-out batch certificate; batch ranking couples actions and is not an assumption-free action-wise theorem",
      "certified": false,
      "coverage": 0.10098522167487685,
      "errors": 7,
      "macro_task_population_mean_gain": 0.06631719904565912,
      "macro_task_selective_risk": 0.18055555555555555,
      "population_mean_strict_gain": 0.06836762481375742,
      "risk_upper_bound": 0.15436527174534034,
      "selected_count": 82,
      "selected_mean_strict_gain": 0.6775092847411097,
      "selected_total_strict_gain": 55.555761348771,
      "selective_risk": 0.08536585365853659,
      "stage_counts": {
        "base": 799,
        "screening": 13,
        "verification": 0
      },
      "task_breakdown": {
        "discover_unique": {
          "count": 332,
          "coverage": 0.024096385542168676,
          "errors": 4,
          "evidence_cost": 0.15,
          "population_mean_gain": 0.008221189329257864,
          "selected": 8,
          "selective_risk": 0.5,
          "total_gain": 2.729434857313611
        },
        "extreme_properties": {
          "count": 200,
          "coverage": 0.01,
          "errors": 0,
          "evidence_cost": 0.07500000000000001,
          "population_mean_gain": 0.007742971183800622,
          "selected": 2,
          "selective_risk": 0.0,
          "total_gain": 1.5485942367601244
        },
        "matbench_pairwise": {
          "count": 280,
          "coverage": 0.2571428571428571,
          "errors": 3,
          "evidence_cost": 0.1,
          "population_mean_gain": 0.18298743662391886,
          "selected": 72,
          "selective_risk": 0.041666666666666664,
          "total_gain": 51.23648225469728
        }
      },
      "total_acquired_evidence_cost": 0.325,
      "trajectory_total_strict_gain": 55.51451134877103,
      "worst_task_population_mean_gain": 0.007742971183800622,
      "worst_task_selective_risk": 0.5
    },
    "adaptive_mean_voi": {
      "alpha": 0.1,
      "certificate_scope": "independent held-out batch certificate; batch ranking couples actions and is not an assumption-free action-wise theorem",
      "certified": false,
      "coverage": 0.10098522167487685,
      "errors": 7,
      "macro_task_population_mean_gain": 0.08293197677151963,
      "macro_task_selective_risk": 0.043209876543209874,
      "population_mean_strict_gain": 0.06911438424310143,
      "risk_upper_bound": 0.15436527174534034,
      "selected_count": 82,
      "selected_mean_strict_gain": 0.6953308537243666,
      "selected_total_strict_gain": 57.017130005398066,
      "selective_risk": 0.08536585365853659,
      "stage_counts": {
        "base": 535,
        "screening": 271,
        "verification": 6
      },
      "task_breakdown": {
        "discover_unique": {
          "count": 332,
          "coverage": 0.0,
          "errors": 0,
          "evidence_cost": 0.15,
          "population_mean_gain": -6.77710843373494e-05,
          "selected": 0,
          "selective_risk": 0.0,
          "total_gain": -0.0225
        },
        "extreme_properties": {
          "count": 200,
          "coverage": 0.27,
          "errors": 7,
          "evidence_cost": 4.975000000000003,
          "population_mean_gain": 0.16923070482866062,
          "selected": 54,
          "selective_risk": 0.12962962962962962,
          "total_gain": 33.846140965732125
        },
        "matbench_pairwise": {
          "count": 280,
          "coverage": 0.1,
          "errors": 0,
          "evidence_cost": 2.2499999999999964,
          "population_mean_gain": 0.07963299657023559,
          "selected": 28,
          "selective_risk": 0.0,
          "total_gain": 22.297239039665964
        }
      },
      "total_acquired_evidence_cost": 7.375000000000038,
      "trajectory_total_strict_gain": 56.12088000539836,
      "worst_task_population_mean_gain": -6.77710843373494e-05,
      "worst_task_selective_risk": 0.12962962962962962
    },
    "base_factorized_lcb": {
      "alpha": 0.1,
      "certificate_scope": "independent held-out batch certificate; batch ranking couples actions and is not an assumption-free action-wise theorem",
      "certified": false,
      "coverage": 0.10098522167487685,
      "errors": 8,
      "macro_task_population_mean_gain": 0.06412630527375607,
      "macro_task_selective_risk": 0.19888381532217148,
      "population_mean_strict_gain": 0.06682979934760741,
      "risk_upper_bound": 0.16915157605777711,
      "selected_count": 82,
      "selected_mean_strict_gain": 0.6617780130519173,
      "selected_total_strict_gain": 54.265797070257214,
      "selective_risk": 0.0975609756097561,
      "stage_counts": {
        "base": 812,
        "screening": 0,
        "verification": 0
      },
      "task_breakdown": {
        "discover_unique": {
          "count": 332,
          "coverage": 0.02710843373493976,
          "errors": 5,
          "evidence_cost": 0.0,
          "population_mean_gain": 0.007686550775040998,
          "selected": 9,
          "selective_risk": 0.5555555555555556,
          "total_gain": 2.5519348573136114
        },
        "extreme_properties": {
          "count": 200,
          "coverage": 0.0,
          "errors": 0,
          "evidence_cost": 0.0,
          "population_mean_gain": 0.0,
          "selected": 0,
          "selective_risk": 0.0,
          "total_gain": 0.0
        },
        "matbench_pairwise": {
          "count": 280,
          "coverage": 0.26071428571428573,
          "errors": 3,
          "evidence_cost": 0.0,
          "population_mean_gain": 0.1846923650462272,
          "selected": 73,
          "selective_risk": 0.0410958904109589,
          "total_gain": 51.71386221294362
        }
      },
      "total_acquired_evidence_cost": 0.0,
      "trajectory_total_strict_gain": 54.265797070257214,
      "worst_task_population_mean_gain": 0.0,
      "worst_task_selective_risk": 0.5555555555555556
    },
    "base_factorized_lcb_task_balanced": {
      "alpha": 0.1,
      "certificate_scope": "independent held-out batch certificate; batch ranking couples actions and is not an assumption-free action-wise theorem",
      "certified": false,
      "coverage": 0.05541871921182266,
      "errors": 7,
      "macro_task_population_mean_gain": 0.034129575258977786,
      "macro_task_selective_risk": 0.1372549019607843,
      "population_mean_strict_gain": 0.03673571053199146,
      "risk_upper_bound": 0.27241004954336023,
      "selected_count": 45,
      "selected_mean_strict_gain": 0.6628754878217126,
      "selected_total_strict_gain": 29.829396951977067,
      "selective_risk": 0.15555555555555556,
      "stage_counts": {
        "base": 812,
        "screening": 0,
        "verification": 0
      },
      "task_breakdown": {
        "discover_unique": {
          "count": 332,
          "coverage": 0.05120481927710843,
          "errors": 7,
          "evidence_cost": 0.0,
          "population_mean_gain": 0.02231834104684088,
          "selected": 17,
          "selective_risk": 0.4117647058823529,
          "total_gain": 7.409689227551172
        },
        "extreme_properties": {
          "count": 200,
          "coverage": 0.0,
          "errors": 0,
          "evidence_cost": 0.0,
          "population_mean_gain": 0.0,
          "selected": 0,
          "selective_risk": 0.0,
          "total_gain": 0.0
        },
        "matbench_pairwise": {
          "count": 280,
          "coverage": 0.1,
          "errors": 0,
          "evidence_cost": 0.0,
          "population_mean_gain": 0.08007038473009247,
          "selected": 28,
          "selective_risk": 0.0,
          "total_gain": 22.41970772442589
        }
      },
      "total_acquired_evidence_cost": 0.0,
      "trajectory_total_strict_gain": 29.829396951977067,
      "worst_task_population_mean_gain": 0.0,
      "worst_task_selective_risk": 0.4117647058823529
    },
    "decision_consistent_kg_mean": {
      "alpha": 0.1,
      "certificate_scope": "independent held-out batch certificate; batch ranking couples actions and is not an assumption-free action-wise theorem",
      "certified": false,
      "coverage": 0.10098522167487685,
      "errors": 8,
      "macro_task_population_mean_gain": 0.06412184098804177,
      "macro_task_selective_risk": 0.19888381532217148,
      "population_mean_strict_gain": 0.06682518112100641,
      "risk_upper_bound": 0.16915157605777711,
      "selected_count": 82,
      "selected_mean_strict_gain": 0.6617322813446002,
      "selected_total_strict_gain": 54.26204707025721,
      "selective_risk": 0.0975609756097561,
      "stage_counts": {
        "base": 811,
        "screening": 1,
        "verification": 0
      },
      "task_breakdown": {
        "discover_unique": {
          "count": 332,
          "coverage": 0.02710843373493976,
          "errors": 5,
          "evidence_cost": 0.0,
          "population_mean_gain": 0.007686550775040998,
          "selected": 9,
          "selective_risk": 0.5555555555555556,
          "total_gain": 2.5519348573136114
        },
        "extreme_properties": {
          "count": 200,
          "coverage": 0.0,
          "errors": 0,
          "evidence_cost": 0.0,
          "population_mean_gain": 0.0,
          "selected": 0,
          "selective_risk": 0.0,
          "total_gain": 0.0
        },
        "matbench_pairwise": {
          "count": 280,
          "coverage": 0.26071428571428573,
          "errors": 3,
          "evidence_cost": 0.025,
          "population_mean_gain": 0.18467897218908433,
          "selected": 73,
          "selective_risk": 0.0410958904109589,
          "total_gain": 51.71011221294361
        }
      },
      "total_acquired_evidence_cost": 0.025,
      "trajectory_total_strict_gain": 54.26204707025721,
      "worst_task_population_mean_gain": 0.0,
      "worst_task_selective_risk": 0.5555555555555556
    },
    "decision_consistent_safe_kg": {
      "alpha": 0.1,
      "certificate_scope": "independent held-out batch certificate; batch ranking couples actions and is not an assumption-free action-wise theorem",
      "certified": false,
      "coverage": 0.10098522167487685,
      "errors": 8,
      "macro_task_population_mean_gain": 0.06412184098804177,
      "macro_task_selective_risk": 0.19888381532217148,
      "population_mean_strict_gain": 0.06682518112100641,
      "risk_upper_bound": 0.16915157605777711,
      "selected_count": 82,
      "selected_mean_strict_gain": 0.6617322813446002,
      "selected_total_strict_gain": 54.26204707025721,
      "selective_risk": 0.0975609756097561,
      "stage_counts": {
        "base": 811,
        "screening": 1,
        "verification": 0
      },
      "task_breakdown": {
        "discover_unique": {
          "count": 332,
          "coverage": 0.02710843373493976,
          "errors": 5,
          "evidence_cost": 0.0,
          "population_mean_gain": 0.007686550775040998,
          "selected": 9,
          "selective_risk": 0.5555555555555556,
          "total_gain": 2.5519348573136114
        },
        "extreme_properties": {
          "count": 200,
          "coverage": 0.0,
          "errors": 0,
          "evidence_cost": 0.0,
          "population_mean_gain": 0.0,
          "selected": 0,
          "selective_risk": 0.0,
          "total_gain": 0.0
        },
        "matbench_pairwise": {
          "count": 280,
          "coverage": 0.26071428571428573,
          "errors": 3,
          "evidence_cost": 0.025,
          "population_mean_gain": 0.18467897218908433,
          "selected": 73,
          "selective_risk": 0.0410958904109589,
          "total_gain": 51.71011221294361
        }
      },
      "total_acquired_evidence_cost": 0.025,
      "trajectory_total_strict_gain": 54.26204707025721,
      "worst_task_population_mean_gain": 0.0,
      "worst_task_selective_risk": 0.5555555555555556
    },
    "fixed_full_evidence_lcb": {
      "alpha": 0.1,
      "certificate_scope": "independent held-out batch certificate; batch ranking couples actions and is not an assumption-free action-wise theorem",
      "certified": true,
      "coverage": 0.10098522167487685,
      "errors": 2,
      "macro_task_population_mean_gain": 0.07821153996715306,
      "macro_task_selective_risk": 0.014184397163120567,
      "population_mean_strict_gain": 0.06443969598062968,
      "risk_upper_bound": 0.07479136276377019,
      "selected_count": 82,
      "selected_mean_strict_gain": 0.7716467455642887,
      "selected_total_strict_gain": 63.275033136271674,
      "selective_risk": 0.024390243902439025,
      "stage_counts": {
        "base": 0,
        "screening": 0,
        "verification": 812
      },
      "task_breakdown": {
        "discover_unique": {
          "count": 332,
          "coverage": 0.0,
          "errors": 0,
          "evidence_cost": 33.2000000000002,
          "population_mean_gain": -0.01499999999999997,
          "selected": 0,
          "selective_risk": 0.0,
          "total_gain": -4.97999999999999
        },
        "extreme_properties": {
          "count": 200,
          "coverage": 0.235,
          "errors": 2,
          "evidence_cost": 20.000000000000014,
          "population_mean_gain": 0.15740825545171305,
          "selected": 47,
          "selective_risk": 0.0425531914893617,
          "total_gain": 31.481651090342613
        },
        "matbench_pairwise": {
          "count": 280,
          "coverage": 0.125,
          "errors": 0,
          "evidence_cost": 28.000000000000128,
          "population_mean_gain": 0.09222636444974612,
          "selected": 35,
          "selective_risk": 0.0,
          "total_gain": 25.823382045928913
        }
      },
      "total_acquired_evidence_cost": 81.19999999999966,
      "trajectory_total_strict_gain": 52.3250331362713,
      "worst_task_population_mean_gain": -0.01499999999999997,
      "worst_task_selective_risk": 0.0425531914893617
    },
    "fixed_full_evidence_lcb_task_balanced": {
      "alpha": 0.1,
      "certificate_scope": "independent held-out batch certificate; batch ranking couples actions and is not an assumption-free action-wise theorem",
      "certified": false,
      "coverage": 0.09113300492610837,
      "errors": 12,
      "macro_task_population_mean_gain": 0.05016528519866128,
      "macro_task_selective_risk": 0.15384615384615385,
      "population_mean_strict_gain": 0.0464991848878807,
      "risk_upper_bound": 0.24945854472170104,
      "selected_count": 74,
      "selected_mean_strict_gain": 0.659828893634588,
      "selected_total_strict_gain": 48.82733812895951,
      "selective_risk": 0.16216216216216217,
      "stage_counts": {
        "base": 0,
        "screening": 0,
        "verification": 812
      },
      "task_breakdown": {
        "discover_unique": {
          "count": 332,
          "coverage": 0.0783132530120482,
          "errors": 12,
          "evidence_cost": 33.2000000000002,
          "population_mean_gain": 0.014868082819849585,
          "selected": 26,
          "selective_risk": 0.46153846153846156,
          "total_gain": 4.936203496190062
        },
        "extreme_properties": {
          "count": 200,
          "coverage": 0.1,
          "errors": 0,
          "evidence_cost": 20.000000000000014,
          "population_mean_gain": 0.06443302180685344,
          "selected": 20,
          "selective_risk": 0.0,
          "total_gain": 12.886604361370688
        },
        "matbench_pairwise": {
          "count": 280,
          "coverage": 0.1,
          "errors": 0,
          "evidence_cost": 28.000000000000128,
          "population_mean_gain": 0.07119475096928082,
          "selected": 28,
          "selective_risk": 0.0,
          "total_gain": 19.934530271398632
        }
      },
      "total_acquired_evidence_cost": 81.19999999999966,
      "trajectory_total_strict_gain": 37.75733812895913,
      "worst_task_population_mean_gain": 0.014868082819849585,
      "worst_task_selective_risk": 0.46153846153846156
    },
    "fixed_screening_lcb": {
      "alpha": 0.1,
      "certificate_scope": "independent held-out batch certificate; batch ranking couples actions and is not an assumption-free action-wise theorem",
      "certified": false,
      "coverage": 0.10098522167487685,
      "errors": 9,
      "macro_task_population_mean_gain": 0.07858051216203131,
      "macro_task_selective_risk": 0.2654320987654321,
      "population_mean_strict_gain": 0.06446650088033383,
      "risk_upper_bound": 0.183710958804868,
      "selected_count": 82,
      "selected_mean_strict_gain": 0.6717597404247669,
      "selected_total_strict_gain": 55.08429871483089,
      "selective_risk": 0.10975609756097561,
      "stage_counts": {
        "base": 0,
        "screening": 812,
        "verification": 0
      },
      "task_breakdown": {
        "discover_unique": {
          "count": 332,
          "coverage": 0.009036144578313253,
          "errors": 2,
          "evidence_cost": 8.30000000000005,
          "population_mean_gain": -0.002382213749664714,
          "selected": 3,
          "selective_risk": 0.6666666666666666,
          "total_gain": -0.790894964888685
        },
        "extreme_properties": {
          "count": 200,
          "coverage": 0.27,
          "errors": 7,
          "evidence_cost": 5.0000000000000036,
          "population_mean_gain": 0.16921195482866064,
          "selected": 54,
          "selective_risk": 0.12962962962962962,
          "total_gain": 33.84239096573213
        },
        "matbench_pairwise": {
          "count": 280,
          "coverage": 0.08928571428571429,
          "errors": 0,
          "evidence_cost": 7.000000000000032,
          "population_mean_gain": 0.068911795407098,
          "selected": 25,
          "selective_risk": 0.0,
          "total_gain": 19.295302713987443
        }
      },
      "total_acquired_evidence_cost": 20.299999999999915,
      "trajectory_total_strict_gain": 52.34679871483107,
      "worst_task_population_mean_gain": -0.002382213749664714,
      "worst_task_selective_risk": 0.6666666666666666
    },
    "fixed_screening_lcb_task_balanced": {
      "alpha": 0.1,
      "certificate_scope": "independent held-out batch certificate; batch ranking couples actions and is not an assumption-free action-wise theorem",
      "certified": false,
      "coverage": 0.09729064039408868,
      "errors": 21,
      "macro_task_population_mean_gain": 0.05386848956232926,
      "macro_task_selective_risk": 0.23172043010752688,
      "population_mean_strict_gain": 0.04965271711920209,
      "risk_upper_bound": 0.35976839444496905,
      "selected_count": 79,
      "selected_mean_strict_gain": 0.5451488139340739,
      "selected_total_strict_gain": 43.06675630079184,
      "selective_risk": 0.26582278481012656,
      "stage_counts": {
        "base": 0,
        "screening": 812,
        "verification": 0
      },
      "task_breakdown": {
        "discover_unique": {
          "count": 332,
          "coverage": 0.09337349397590361,
          "errors": 20,
          "evidence_cost": 8.30000000000005,
          "population_mean_gain": 0.013264168282272974,
          "selected": 31,
          "selective_risk": 0.6451612903225806,
          "total_gain": 4.403703869714628
        },
        "extreme_properties": {
          "count": 200,
          "coverage": 0.1,
          "errors": 1,
          "evidence_cost": 5.0000000000000036,
          "population_mean_gain": 0.07026577102803729,
          "selected": 20,
          "selective_risk": 0.05,
          "total_gain": 14.053154205607457
        },
        "matbench_pairwise": {
          "count": 280,
          "coverage": 0.1,
          "errors": 0,
          "evidence_cost": 7.000000000000032,
          "population_mean_gain": 0.0780755293766775,
          "selected": 28,
          "selective_risk": 0.0,
          "total_gain": 21.8611482254697
        }
      },
      "total_acquired_evidence_cost": 20.299999999999915,
      "trajectory_total_strict_gain": 40.3180063007921,
      "worst_task_population_mean_gain": 0.013264168282272974,
      "worst_task_selective_risk": 0.6451612903225806
    },
    "learned_portfolio_kg_lcb": {
      "alpha": 0.1,
      "certificate_scope": "independent held-out batch certificate; batch ranking couples actions and is not an assumption-free action-wise theorem",
      "certified": false,
      "coverage": 0.10098522167487685,
      "errors": 8,
      "macro_task_population_mean_gain": 0.06464601709898721,
      "macro_task_selective_risk": 0.19888381532217148,
      "population_mean_strict_gain": 0.0673674322702603,
      "risk_upper_bound": 0.16915157605777711,
      "selected_count": 82,
      "selected_mean_strict_gain": 0.6671018902859923,
      "selected_total_strict_gain": 54.70235500345137,
      "selective_risk": 0.0975609756097561,
      "stage_counts": {
        "base": 809,
        "screening": 3,
        "verification": 0
      },
      "task_breakdown": {
        "discover_unique": {
          "count": 332,
          "coverage": 0.02710843373493976,
          "errors": 5,
          "evidence_cost": 0.0,
          "population_mean_gain": 0.007686550775040998,
          "selected": 9,
          "selective_risk": 0.5555555555555556,
          "total_gain": 2.5519348573136114
        },
        "extreme_properties": {
          "count": 200,
          "coverage": 0.0,
          "errors": 0,
          "evidence_cost": 0.0,
          "population_mean_gain": 0.0,
          "selected": 0,
          "selective_risk": 0.0,
          "total_gain": 0.0
        },
        "matbench_pairwise": {
          "count": 280,
          "coverage": 0.26071428571428573,
          "errors": 3,
          "evidence_cost": 0.07500000000000001,
          "population_mean_gain": 0.18625150052192063,
          "selected": 73,
          "selective_risk": 0.0410958904109589,
          "total_gain": 52.150420146137776
        }
      },
      "total_acquired_evidence_cost": 0.07500000000000001,
      "trajectory_total_strict_gain": 54.70235500345137,
      "worst_task_population_mean_gain": 0.0,
      "worst_task_selective_risk": 0.5555555555555556
    },
    "learned_portfolio_kg_lcb_task_balanced": {
      "alpha": 0.1,
      "certificate_scope": "independent held-out batch certificate; batch ranking couples actions and is not an assumption-free action-wise theorem",
      "certified": false,
      "coverage": 0.0480295566502463,
      "errors": 2,
      "macro_task_population_mean_gain": 0.03428603616045762,
      "macro_task_selective_risk": 0.06060606060606061,
      "population_mean_strict_gain": 0.036865500907587466,
      "risk_upper_bound": 0.15276510530744306,
      "selected_count": 39,
      "selected_mean_strict_gain": 0.7749624804348982,
      "selected_total_strict_gain": 30.22353673696103,
      "selective_risk": 0.05128205128205128,
      "stage_counts": {
        "base": 738,
        "screening": 56,
        "verification": 18
      },
      "task_breakdown": {
        "discover_unique": {
          "count": 332,
          "coverage": 0.03313253012048193,
          "errors": 2,
          "evidence_cost": 1.8000000000000005,
          "population_mean_gain": 0.021817622349550602,
          "selected": 11,
          "selective_risk": 0.18181818181818182,
          "total_gain": 7.243450620050799
        },
        "extreme_properties": {
          "count": 200,
          "coverage": 0.0,
          "errors": 0,
          "evidence_cost": 0.0,
          "population_mean_gain": 0.0,
          "selected": 0,
          "selective_risk": 0.0,
          "total_gain": 0.0
        },
        "matbench_pairwise": {
          "count": 280,
          "coverage": 0.1,
          "errors": 0,
          "evidence_cost": 1.399999999999999,
          "population_mean_gain": 0.08104048613182224,
          "selected": 28,
          "selective_risk": 0.0,
          "total_gain": 22.69133611691023
        }
      },
      "total_acquired_evidence_cost": 3.2000000000000006,
      "trajectory_total_strict_gain": 29.934786736961023,
      "worst_task_population_mean_gain": 0.0,
      "worst_task_selective_risk": 0.18181818181818182
    },
    "learned_portfolio_kg_mean": {
      "alpha": 0.1,
      "certificate_scope": "independent held-out batch certificate; batch ranking couples actions and is not an assumption-free action-wise theorem",
      "certified": false,
      "coverage": 0.10098522167487685,
      "errors": 4,
      "macro_task_population_mean_gain": 0.06691729144997664,
      "macro_task_selective_risk": 0.17916666666666667,
      "population_mean_strict_gain": 0.06934974401419967,
      "risk_upper_bound": 0.10815610507946986,
      "selected_count": 82,
      "selected_mean_strict_gain": 0.7005425870674398,
      "selected_total_strict_gain": 57.44449213953006,
      "selective_risk": 0.04878048780487805,
      "stage_counts": {
        "base": 649,
        "screening": 81,
        "verification": 82
      },
      "task_breakdown": {
        "discover_unique": {
          "count": 332,
          "coverage": 0.006024096385542169,
          "errors": 1,
          "evidence_cost": 0.0,
          "population_mean_gain": 0.0019512946451876532,
          "selected": 2,
          "selective_risk": 0.5,
          "total_gain": 0.6478298222023009
        },
        "extreme_properties": {
          "count": 200,
          "coverage": 0.0,
          "errors": 0,
          "evidence_cost": 0.0,
          "population_mean_gain": 0.0,
          "selected": 0,
          "selective_risk": 0.0,
          "total_gain": 0.0
        },
        "matbench_pairwise": {
          "count": 280,
          "coverage": 0.2857142857142857,
          "errors": 3,
          "evidence_cost": 10.225,
          "population_mean_gain": 0.1988005797047423,
          "selected": 80,
          "selective_risk": 0.0375,
          "total_gain": 55.66416231732784
        }
      },
      "total_acquired_evidence_cost": 10.225,
      "trajectory_total_strict_gain": 56.31199213953014,
      "worst_task_population_mean_gain": 0.0,
      "worst_task_selective_risk": 0.5
    },
    "learned_portfolio_kg_mean_task_balanced": {
      "alpha": 0.1,
      "certificate_scope": "independent held-out batch certificate; batch ranking couples actions and is not an assumption-free action-wise theorem",
      "certified": false,
      "coverage": 0.06773399014778325,
      "errors": 4,
      "macro_task_population_mean_gain": 0.050941340793894056,
      "macro_task_selective_risk": 0.10073260073260075,
      "population_mean_strict_gain": 0.04937462576950519,
      "risk_upper_bound": 0.1587474798067781,
      "selected_count": 55,
      "selected_mean_strict_gain": 0.7367217477243297,
      "selected_total_strict_gain": 40.519696124838134,
      "selective_risk": 0.07272727272727272,
      "stage_counts": {
        "base": 688,
        "screening": 96,
        "verification": 28
      },
      "task_breakdown": {
        "discover_unique": {
          "count": 332,
          "coverage": 0.0391566265060241,
          "errors": 3,
          "evidence_cost": 2.800000000000001,
          "population_mean_gain": 0.023435467553765042,
          "selected": 13,
          "selective_risk": 0.23076923076923078,
          "total_gain": 7.780575227849994
        },
        "extreme_properties": {
          "count": 200,
          "coverage": 0.07,
          "errors": 1,
          "evidence_cost": 1.0000000000000004,
          "population_mean_gain": 0.048964680685358225,
          "selected": 14,
          "selective_risk": 0.07142857142857142,
          "total_gain": 9.792936137071646
        },
        "matbench_pairwise": {
          "count": 280,
          "coverage": 0.1,
          "errors": 0,
          "evidence_cost": 1.399999999999999,
          "population_mean_gain": 0.0804238741425589,
          "selected": 28,
          "selective_risk": 0.0,
          "total_gain": 22.518684759916493
        }
      },
      "total_acquired_evidence_cost": 5.200000000000014,
      "trajectory_total_strict_gain": 40.09219612483821,
      "worst_task_population_mean_gain": 0.023435467553765042,
      "worst_task_selective_risk": 0.23076923076923078
    },
    "learned_portfolio_kg_risk_controlled": {
      "available": false,
      "certified": false,
      "reason": "no simultaneously risk-certified worthiness threshold"
    },
    "oracle_stage_and_execution": {
      "alpha": 0.1,
      "certificate_scope": "independent held-out batch certificate; batch ranking couples actions and is not an assumption-free action-wise theorem",
      "certified": true,
      "coverage": 0.10098522167487685,
      "errors": 0,
      "macro_task_population_mean_gain": 0.0863333568763478,
      "macro_task_selective_risk": 0.0,
      "population_mean_strict_gain": 0.08788971063496642,
      "risk_upper_bound": 0.03587403171067116,
      "selected_count": 82,
      "selected_mean_strict_gain": 0.8703225004340577,
      "selected_total_strict_gain": 71.36644503559273,
      "selective_risk": 0.0,
      "stage_counts": {
        "base": 812,
        "screening": 0,
        "verification": 0
      },
      "task_breakdown": {
        "discover_unique": {
          "count": 332,
          "coverage": 0.06927710843373494,
          "errors": 0,
          "evidence_cost": 0.0,
          "population_mean_gain": 0.060648724436067905,
          "selected": 23,
          "selective_risk": 0.0,
          "total_gain": 20.135376512774545
        },
        "extreme_properties": {
          "count": 200,
          "coverage": 0.065,
          "errors": 0,
          "evidence_cost": 0.0,
          "population_mean_gain": 0.053841355140186925,
          "selected": 13,
          "selective_risk": 0.0,
          "total_gain": 10.768271028037384
        },
        "matbench_pairwise": {
          "count": 280,
          "coverage": 0.16428571428571428,
          "errors": 0,
          "evidence_cost": 0.0,
          "population_mean_gain": 0.14450999105278858,
          "selected": 46,
          "selective_risk": 0.0,
          "total_gain": 40.4627974947808
        }
      },
      "total_acquired_evidence_cost": 0.0,
      "trajectory_total_strict_gain": 71.36644503559273,
      "worst_task_population_mean_gain": 0.053841355140186925,
      "worst_task_selective_risk": 0.0
    },
    "shadow_price_adaptive_conservative": {
      "alpha": 0.1,
      "certificate_scope": "independent held-out batch certificate; batch ranking couples actions and is not an assumption-free action-wise theorem",
      "certified": false,
      "coverage": 0.10098522167487685,
      "errors": 6,
      "macro_task_population_mean_gain": 0.07211220399981126,
      "macro_task_selective_risk": 0.2514080901177675,
      "population_mean_strict_gain": 0.07003015223449832,
      "risk_upper_bound": 0.13931185733440735,
      "selected_count": 82,
      "selected_mean_strict_gain": 0.6947040684684459,
      "selected_total_strict_gain": 56.965733614412564,
      "selective_risk": 0.07317073170731707,
      "stage_counts": {
        "base": 771,
        "screening": 41,
        "verification": 0
      },
      "task_breakdown": {
        "discover_unique": {
          "count": 332,
          "coverage": 0.018072289156626505,
          "errors": 4,
          "evidence_cost": 0.0,
          "population_mean_gain": 0.0028822821541657443,
          "selected": 6,
          "selective_risk": 0.6666666666666666,
          "total_gain": 0.9569176751830271
        },
        "extreme_properties": {
          "count": 200,
          "coverage": 0.07,
          "errors": 1,
          "evidence_cost": 0.7750000000000004,
          "population_mean_gain": 0.04824558021806852,
          "selected": 14,
          "selective_risk": 0.07142857142857142,
          "total_gain": 9.649116043613704
        },
        "matbench_pairwise": {
          "count": 280,
          "coverage": 0.22142857142857142,
          "errors": 1,
          "evidence_cost": 0.24999999999999997,
          "population_mean_gain": 0.1652087496271995,
          "selected": 62,
          "selective_risk": 0.016129032258064516,
          "total_gain": 46.25844989561586
        }
      },
      "total_acquired_evidence_cost": 1.0250000000000004,
      "trajectory_total_strict_gain": 56.864483614412634,
      "worst_task_population_mean_gain": 0.0028822821541657443,
      "worst_task_selective_risk": 0.6666666666666666
    },
    "shadow_price_adaptive_mean": {
      "alpha": 0.1,
      "certificate_scope": "independent held-out batch certificate; batch ranking couples actions and is not an assumption-free action-wise theorem",
      "certified": false,
      "coverage": 0.10098522167487685,
      "errors": 6,
      "macro_task_population_mean_gain": 0.0801371720536529,
      "macro_task_selective_risk": 0.046511627906976744,
      "population_mean_strict_gain": 0.0697860502606811,
      "risk_upper_bound": 0.13931185733440735,
      "selected_count": 82,
      "selected_mean_strict_gain": 0.6964941806301562,
      "selected_total_strict_gain": 57.11252281167281,
      "selective_risk": 0.07317073170731707,
      "stage_counts": {
        "base": 649,
        "screening": 163,
        "verification": 0
      },
      "task_breakdown": {
        "discover_unique": {
          "count": 332,
          "coverage": 0.0,
          "errors": 0,
          "evidence_cost": 0.0,
          "population_mean_gain": 0.0,
          "selected": 0,
          "selective_risk": 0.0,
          "total_gain": 0.0
        },
        "extreme_properties": {
          "count": 200,
          "coverage": 0.215,
          "errors": 6,
          "evidence_cost": 3.374999999999992,
          "population_mean_gain": 0.13311189641744545,
          "selected": 43,
          "selective_risk": 0.13953488372093023,
          "total_gain": 26.62237928348909
        },
        "matbench_pairwise": {
          "count": 280,
          "coverage": 0.1392857142857143,
          "errors": 0,
          "evidence_cost": 0.7000000000000003,
          "population_mean_gain": 0.10729961974351325,
          "selected": 39,
          "selective_risk": 0.0,
          "total_gain": 30.04389352818371
        }
      },
      "total_acquired_evidence_cost": 4.07499999999999,
      "trajectory_total_strict_gain": 56.66627281167306,
      "worst_task_population_mean_gain": 0.0,
      "worst_task_selective_risk": 0.13953488372093023
    },
    "shadow_price_successive_halving": {
      "alpha": 0.1,
      "certificate_scope": "independent held-out batch certificate; batch ranking couples actions and is not an assumption-free action-wise theorem",
      "certified": false,
      "coverage": 0.10098522167487685,
      "errors": 5,
      "macro_task_population_mean_gain": 0.07604907439484289,
      "macro_task_selective_risk": 0.373202614379085,
      "population_mean_strict_gain": 0.06910403351334134,
      "risk_upper_bound": 0.12393574581034698,
      "selected_count": 82,
      "selected_mean_strict_gain": 0.7016307952784521,
      "selected_total_strict_gain": 57.53372521283307,
      "selective_risk": 0.06097560975609756,
      "stage_counts": {
        "base": 649,
        "screening": 81,
        "verification": 82
      },
      "task_breakdown": {
        "discover_unique": {
          "count": 332,
          "coverage": 0.0030120481927710845,
          "errors": 1,
          "evidence_cost": 2.5249999999999986,
          "population_mean_gain": -0.0017432228915662661,
          "selected": 1,
          "selective_risk": 1.0,
          "total_gain": -0.5787500000000003
        },
        "extreme_properties": {
          "count": 200,
          "coverage": 0.15,
          "errors": 3,
          "evidence_cost": 5.749999999999997,
          "population_mean_gain": 0.09597624610591897,
          "selected": 30,
          "selective_risk": 0.1,
          "total_gain": 19.195249221183794
        },
        "matbench_pairwise": {
          "count": 280,
          "coverage": 0.18214285714285713,
          "errors": 1,
          "evidence_cost": 1.9500000000000004,
          "population_mean_gain": 0.13391419997017595,
          "selected": 51,
          "selective_risk": 0.0196078431372549,
          "total_gain": 37.49597599164927
        }
      },
      "total_acquired_evidence_cost": 10.224999999999994,
      "trajectory_total_strict_gain": 56.11247521283317,
      "worst_task_population_mean_gain": -0.0017432228915662661,
      "worst_task_selective_risk": 1.0
    },
    "static_reliability": {
      "alpha": 0.1,
      "certificate_scope": "independent held-out batch certificate; batch ranking couples actions and is not an assumption-free action-wise theorem",
      "certified": false,
      "coverage": 0.10098522167487685,
      "errors": 71,
      "macro_task_population_mean_gain": -0.004499219798662759,
      "macro_task_selective_risk": 0.2886178861788618,
      "population_mean_strict_gain": -0.005518747437768605,
      "risk_upper_bound": 0.9229137209581532,
      "selected_count": 82,
      "selected_mean_strict_gain": -0.05464905999351351,
      "selected_total_strict_gain": -4.481222919468108,
      "selective_risk": 0.8658536585365854,
      "stage_counts": {
        "base": 812,
        "screening": 0,
        "verification": 0
      },
      "task_breakdown": {
        "discover_unique": {
          "count": 332,
          "coverage": 0.2469879518072289,
          "errors": 71,
          "evidence_cost": 0.0,
          "population_mean_gain": -0.013497659395988276,
          "selected": 82,
          "selective_risk": 0.8658536585365854,
          "total_gain": -4.481222919468108
        },
        "extreme_properties": {
          "count": 200,
          "coverage": 0.0,
          "errors": 0,
          "evidence_cost": 0.0,
          "population_mean_gain": 0.0,
          "selected": 0,
          "selective_risk": 0.0,
          "total_gain": 0.0
        },
        "matbench_pairwise": {
          "count": 280,
          "coverage": 0.0,
          "errors": 0,
          "evidence_cost": 0.0,
          "population_mean_gain": 0.0,
          "selected": 0,
          "selective_risk": 0.0,
          "total_gain": 0.0
        }
      },
      "total_acquired_evidence_cost": 0.0,
      "trajectory_total_strict_gain": -4.481222919468108,
      "worst_task_population_mean_gain": -0.013497659395988276,
      "worst_task_selective_risk": 0.8658536585365854
    }
  }
}
